[2025-12-03 13:00:47] local.ERROR: SQLSTATE[42S01]: Base table or view already exists: 1050 Table 'about_page' already exists (Connection: mysql, SQL: create table `about_page` (`id` bigint unsigned not null auto_increment primary key, `title` varchar(255) null, `subtitle` text null, `main_content` longtext null, `hero_image` varchar(255) null, `team_1_name` varchar(255) null, `team_1_role` varchar(255) null, `team_1_image` varchar(255) null, `team_2_name` varchar(255) null, `team_2_role` varchar(255) null, `team_2_image` varchar(255) null, `team_3_name` varchar(255) null, `team_3_role` varchar(255) null, `team_3_image` varchar(255) null, `created_at` timestamp null, `updated_at` timestamp null) default character set utf8mb4 collate 'utf8mb4_unicode_ci') {"exception":"[object] (Illuminate\\Database\\QueryException(code: 42S01): SQLSTATE[42S01]: Base table or view already exists: 1050 Table 'about_page' already exists (Connection: mysql, SQL: create table `about_page` (`id` bigint unsigned not null auto_increment primary key, `title` varchar(255) null, `subtitle` text null, `main_content` longtext null, `hero_image` varchar(255) null, `team_1_name` varchar(255) null, `team_1_role` varchar(255) null, `team_1_image` varchar(255) null, `team_2_name` varchar(255) null, `team_2_role` varchar(255) null, `team_2_image` varchar(255) null, `team_3_name` varchar(255) null, `team_3_role` varchar(255) null, `team_3_image` varchar(255) null, `created_at` timestamp null, `updated_at` timestamp null) default character set utf8mb4 collate 'utf8mb4_unicode_ci') at C:\\laragon\\www\\Proyek2\\Proyek2-k7\\vendor\\laravel\\framework\\src\\Illuminate\\Database\\Connection.php:824)
[stacktrace]
#0 C:\\laragon\\www\\Proyek2\\Proyek2-k7\\vendor\\laravel\\framework\\src\\Illuminate\\Database\\Connection.php(778): Illuminate\\Database\\Connection->runQueryCallback('create table `a...', Array, Object(Closure))
#1 C:\\laragon\\www\\Proyek2\\Proyek2-k7\\vendor\\laravel\\framework\\src\\Illuminate\\Database\\Connection.php(559): Illuminate\\Database\\Connection->run('create table `a...', Array, Object(Closure))
#2 C:\\laragon\\www\\Proyek2\\Proyek2-k7\\vendor\\laravel\\framework\\src\\Illuminate\\Database\\Schema\\Blueprint.php(121): Illuminate\\Database\\Connection->statement('create table `a...')
#3 C:\\laragon\\www\\Proyek2\\Proyek2-k7\\vendor\\laravel\\framework\\src\\Illuminate\\Database\\Schema\\Builder.php(618): Illuminate\\Database\\Schema\\Blueprint->build()
#4 C:\\laragon\\www\\Proyek2\\Proyek2-k7\\vendor\\laravel\\framework\\src\\Illuminate\\Database\\Schema\\Builder.php(472): Illuminate\\Database\\Schema\\Builder->build(Object(Illuminate\\Database\\Schema\\Blueprint))
#5 C:\\laragon\\www\\Proyek2\\Proyek2-k7\\vendor\\laravel\\framework\\src\\Illuminate\\Support\\Facades\\Facade.php(363): Illuminate\\Database\\Schema\\Builder->create('about_page', Object(Closure))
#6 C:\\laragon\\www\\Proyek2\\Proyek2-k7\\database\\migrations\\2025_11_26_024929_create_about_page_table.php(11): Illuminate\\Support\\Facades\\Facade::__callStatic('create', Array)
#7 C:\\laragon\\www\\Proyek2\\Proyek2-k7\\vendor\\laravel\\framework\\src\\Illuminate\\Database\\Migrations\\Migrator.php(514): Illuminate\\Database\\Migrations\\Migration@anonymous->up()
#8 C:\\laragon\\www\\Proyek2\\Proyek2-k7\\vendor\\laravel\\framework\\src\\Illuminate\\Database\\Migrations\\Migrator.php(439): Illuminate\\Database\\Migrations\\Migrator->runMethod(Object(Illuminate\\Database\\MySqlConnection), Object(Illuminate\\Database\\Migrations\\Migration@anonymous), 'up')
#9 C:\\laragon\\www\\Proyek2\\Proyek2-k7\\vendor\\laravel\\framework\\src\\Illuminate\\Database\\Migrations\\Migrator.php(448): Illuminate\\Database\\Migrations\\Migrator->Illuminate\\Database\\Migrations\\{closure}()
#10 C:\\laragon\\www\\Proyek2\\Proyek2-k7\\vendor\\laravel\\framework\\src\\Illuminate\\Database\\Migrations\\Migrator.php(250): Illuminate\\Database\\Migrations\\Migrator->runMigration(Object(Illuminate\\Database\\Migrations\\Migration@anonymous), 'up')
#11 C:\\laragon\\www\\Proyek2\\Proyek2-k7\\vendor\\laravel\\framework\\src\\Illuminate\\Console\\View\\Components\\Task.php(41): Illuminate\\Database\\Migrations\\Migrator->Illuminate\\Database\\Migrations\\{closure}()
#12 C:\\laragon\\www\\Proyek2\\Proyek2-k7\\vendor\\laravel\\framework\\src\\Illuminate\\Database\\Migrations\\Migrator.php(809): Illuminate\\Console\\View\\Components\\Task->render('2025_11_26_0249...', Object(Closure))
#13 C:\\laragon\\www\\Proyek2\\Proyek2-k7\\vendor\\laravel\\framework\\src\\Illuminate\\Database\\Migrations\\Migrator.php(250): Illuminate\\Database\\Migrations\\Migrator->write('Illuminate\\\\Cons...', '2025_11_26_0249...', Object(Closure))
#14 C:\\laragon\\www\\Proyek2\\Proyek2-k7\\vendor\\laravel\\framework\\src\\Illuminate\\Database\\Migrations\\Migrator.php(210): Illuminate\\Database\\Migrations\\Migrator->runUp('C:\\\\laragon\\\\www\\\\...', 3, false)
#15 C:\\laragon\\www\\Proyek2\\Proyek2-k7\\vendor\\laravel\\framework\\src\\Illuminate\\Database\\Migrations\\Migrator.php(137): Illuminate\\Database\\Migrations\\Migrator->runPending(Array, Array)
#16 C:\\laragon\\www\\Proyek2\\Proyek2-k7\\vendor\\laravel\\framework\\src\\Illuminate\\Database\\Console\\Migrations\\MigrateCommand.php(116): Illuminate\\Database\\Migrations\\Migrator->run(Array, Array)
#17 C:\\laragon\\www\\Proyek2\\Proyek2-k7\\vendor\\laravel\\framework\\src\\Illuminate\\Database\\Migrations\\Migrator.php(666): Illuminate\\Database\\Console\\Migrations\\MigrateCommand->Illuminate\\Database\\Console\\Migrations\\{closure}()
#18 C:\\laragon\\www\\Proyek2\\Proyek2-k7\\vendor\\laravel\\framework\\src\\Illuminate\\Database\\Console\\Migrations\\MigrateCommand.php(109): Illuminate\\Database\\Migrations\\Migrator->usingConnection(NULL, Object(Closure))
#19 C:\\laragon\\www\\Proyek2\\Proyek2-k7\\vendor\\laravel\\framework\\src\\Illuminate\\Database\\Console\\Migrations\\MigrateCommand.php(88): Illuminate\\Database\\Console\\Migrations\\MigrateCommand->runMigrations()
#20 C:\\laragon\\www\\Proyek2\\Proyek2-k7\\vendor\\laravel\\framework\\src\\Illuminate\\Container\\BoundMethod.php(36): Illuminate\\Database\\Console\\Migrations\\MigrateCommand->handle()
#21 C:\\laragon\\www\\Proyek2\\Proyek2-k7\\vendor\\laravel\\framework\\src\\Illuminate\\Container\\Util.php(43): Illuminate\\Container\\BoundMethod::Illuminate\\Container\\{closure}()
#22 C:\\laragon\\www\\Proyek2\\Proyek2-k7\\vendor\\laravel\\framework\\src\\Illuminate\\Container\\BoundMethod.php(96): Illuminate\\Container\\Util::unwrapIfClosure(Object(Closure))
#23 C:\\laragon\\www\\Proyek2\\Proyek2-k7\\vendor\\laravel\\framework\\src\\Illuminate\\Container\\BoundMethod.php(35): Illuminate\\Container\\BoundMethod::callBoundMethod(Object(Illuminate\\Foundation\\Application), Array, Object(Closure))
#24 C:\\laragon\\www\\Proyek2\\Proyek2-k7\\vendor\\laravel\\framework\\src\\Illuminate\\Container\\Container.php(836): Illuminate\\Container\\BoundMethod::call(Object(Illuminate\\Foundation\\Application), Array, Array, NULL)
#25 C:\\laragon\\www\\Proyek2\\Proyek2-k7\\vendor\\laravel\\framework\\src\\Illuminate\\Console\\Command.php(211): Illuminate\\Container\\Container->call(Array)
#26 C:\\laragon\\www\\Proyek2\\Proyek2-k7\\vendor\\symfony\\console\\Command\\Command.php(318): Illuminate\\Console\\Command->execute(Object(Symfony\\Component\\Console\\Input\\ArgvInput), Object(Illuminate\\Console\\OutputStyle))
#27 C:\\laragon\\www\\Proyek2\\Proyek2-k7\\vendor\\laravel\\framework\\src\\Illuminate\\Console\\Command.php(180): Symfony\\Component\\Console\\Command\\Command->run(Object(Symfony\\Component\\Console\\Input\\ArgvInput), Object(Illuminate\\Console\\OutputStyle))
#28 C:\\laragon\\www\\Proyek2\\Proyek2-k7\\vendor\\symfony\\console\\Application.php(1073): Illuminate\\Console\\Command->run(Object(Symfony\\Component\\Console\\Input\\ArgvInput), Object(Symfony\\Component\\Console\\Output\\ConsoleOutput))
#29 C:\\laragon\\www\\Proyek2\\Proyek2-k7\\vendor\\symfony\\console\\Application.php(356): Symfony\\Component\\Console\\Application->doRunCommand(Object(Illuminate\\Database\\Console\\Migrations\\MigrateCommand), Object(Symfony\\Component\\Console\\Input\\ArgvInput), Object(Symfony\\Component\\Console\\Output\\ConsoleOutput))
#30 C:\\laragon\\www\\Proyek2\\Proyek2-k7\\vendor\\symfony\\console\\Application.php(195): Symfony\\Component\\Console\\Application->doRun(Object(Symfony\\Component\\Console\\Input\\ArgvInput), Object(Symfony\\Component\\Console\\Output\\ConsoleOutput))
#31 C:\\laragon\\www\\Proyek2\\Proyek2-k7\\vendor\\laravel\\framework\\src\\Illuminate\\Foundation\\Console\\Kernel.php(197): Symfony\\Component\\Console\\Application->run(Object(Symfony\\Component\\Console\\Input\\ArgvInput), Object(Symfony\\Component\\Console\\Output\\ConsoleOutput))
#32 C:\\laragon\\www\\Proyek2\\Proyek2-k7\\vendor\\laravel\\framework\\src\\Illuminate\\Foundation\\Application.php(1235): Illuminate\\Foundation\\Console\\Kernel->handle(Object(Symfony\\Component\\Console\\Input\\ArgvInput), Object(Symfony\\Component\\Console\\Output\\ConsoleOutput))
#33 C:\\laragon\\www\\Proyek2\\Proyek2-k7\\artisan(16): Illuminate\\Foundation\\Application->handleCommand(Object(Symfony\\Component\\Console\\Input\\ArgvInput))
#34 {main}

[previous exception] [object] (PDOException(code: 42S01): SQLSTATE[42S01]: Base table or view already exists: 1050 Table 'about_page' already exists at C:\\laragon\\www\\Proyek2\\Proyek2-k7\\vendor\\laravel\\framework\\src\\Illuminate\\Database\\Connection.php:570)
[stacktrace]
#0 C:\\laragon\\www\\Proyek2\\Proyek2-k7\\vendor\\laravel\\framework\\src\\Illuminate\\Database\\Connection.php(570): PDOStatement->execute()
#1 C:\\laragon\\www\\Proyek2\\Proyek2-k7\\vendor\\laravel\\framework\\src\\Illuminate\\Database\\Connection.php(811): Illuminate\\Database\\Connection->Illuminate\\Database\\{closure}('create table `a...', Array)
#2 C:\\laragon\\www\\Proyek2\\Proyek2-k7\\vendor\\laravel\\framework\\src\\Illuminate\\Database\\Connection.php(778): Illuminate\\Database\\Connection->runQueryCallback('create table `a...', Array, Object(Closure))
#3 C:\\laragon\\www\\Proyek2\\Proyek2-k7\\vendor\\laravel\\framework\\src\\Illuminate\\Database\\Connection.php(559): Illuminate\\Database\\Connection->run('create table `a...', Array, Object(Closure))
#4 C:\\laragon\\www\\Proyek2\\Proyek2-k7\\vendor\\laravel\\framework\\src\\Illuminate\\Database\\Schema\\Blueprint.php(121): Illuminate\\Database\\Connection->statement('create table `a...')
#5 C:\\laragon\\www\\Proyek2\\Proyek2-k7\\vendor\\laravel\\framework\\src\\Illuminate\\Database\\Schema\\Builder.php(618): Illuminate\\Database\\Schema\\Blueprint->build()
#6 C:\\laragon\\www\\Proyek2\\Proyek2-k7\\vendor\\laravel\\framework\\src\\Illuminate\\Database\\Schema\\Builder.php(472): Illuminate\\Database\\Schema\\Builder->build(Object(Illuminate\\Database\\Schema\\Blueprint))
#7 C:\\laragon\\www\\Proyek2\\Proyek2-k7\\vendor\\laravel\\framework\\src\\Illuminate\\Support\\Facades\\Facade.php(363): Illuminate\\Database\\Schema\\Builder->create('about_page', Object(Closure))
#8 C:\\laragon\\www\\Proyek2\\Proyek2-k7\\database\\migrations\\2025_11_26_024929_create_about_page_table.php(11): Illuminate\\Support\\Facades\\Facade::__callStatic('create', Array)
#9 C:\\laragon\\www\\Proyek2\\Proyek2-k7\\vendor\\laravel\\framework\\src\\Illuminate\\Database\\Migrations\\Migrator.php(514): Illuminate\\Database\\Migrations\\Migration@anonymous->up()
#10 C:\\laragon\\www\\Proyek2\\Proyek2-k7\\vendor\\laravel\\framework\\src\\Illuminate\\Database\\Migrations\\Migrator.php(439): Illuminate\\Database\\Migrations\\Migrator->runMethod(Object(Illuminate\\Database\\MySqlConnection), Object(Illuminate\\Database\\Migrations\\Migration@anonymous), 'up')
#11 C:\\laragon\\www\\Proyek2\\Proyek2-k7\\vendor\\laravel\\framework\\src\\Illuminate\\Database\\Migrations\\Migrator.php(448): Illuminate\\Database\\Migrations\\Migrator->Illuminate\\Database\\Migrations\\{closure}()
#12 C:\\laragon\\www\\Proyek2\\Proyek2-k7\\vendor\\laravel\\framework\\src\\Illuminate\\Database\\Migrations\\Migrator.php(250): Illuminate\\Database\\Migrations\\Migrator->runMigration(Object(Illuminate\\Database\\Migrations\\Migration@anonymous), 'up')
#13 C:\\laragon\\www\\Proyek2\\Proyek2-k7\\vendor\\laravel\\framework\\src\\Illuminate\\Console\\View\\Components\\Task.php(41): Illuminate\\Database\\Migrations\\Migrator->Illuminate\\Database\\Migrations\\{closure}()
#14 C:\\laragon\\www\\Proyek2\\Proyek2-k7\\vendor\\laravel\\framework\\src\\Illuminate\\Database\\Migrations\\Migrator.php(809): Illuminate\\Console\\View\\Components\\Task->render('2025_11_26_0249...', Object(Closure))
#15 C:\\laragon\\www\\Proyek2\\Proyek2-k7\\vendor\\laravel\\framework\\src\\Illuminate\\Database\\Migrations\\Migrator.php(250): Illuminate\\Database\\Migrations\\Migrator->write('Illuminate\\\\Cons...', '2025_11_26_0249...', Object(Closure))
#16 C:\\laragon\\www\\Proyek2\\Proyek2-k7\\vendor\\laravel\\framework\\src\\Illuminate\\Database\\Migrations\\Migrator.php(210): Illuminate\\Database\\Migrations\\Migrator->runUp('C:\\\\laragon\\\\www\\\\...', 3, false)
#17 C:\\laragon\\www\\Proyek2\\Proyek2-k7\\vendor\\laravel\\framework\\src\\Illuminate\\Database\\Migrations\\Migrator.php(137): Illuminate\\Database\\Migrations\\Migrator->runPending(Array, Array)
#18 C:\\laragon\\www\\Proyek2\\Proyek2-k7\\vendor\\laravel\\framework\\src\\Illuminate\\Database\\Console\\Migrations\\MigrateCommand.php(116): Illuminate\\Database\\Migrations\\Migrator->run(Array, Array)
#19 C:\\laragon\\www\\Proyek2\\Proyek2-k7\\vendor\\laravel\\framework\\src\\Illuminate\\Database\\Migrations\\Migrator.php(666): Illuminate\\Database\\Console\\Migrations\\MigrateCommand->Illuminate\\Database\\Console\\Migrations\\{closure}()
#20 C:\\laragon\\www\\Proyek2\\Proyek2-k7\\vendor\\laravel\\framework\\src\\Illuminate\\Database\\Console\\Migrations\\MigrateCommand.php(109): Illuminate\\Database\\Migrations\\Migrator->usingConnection(NULL, Object(Closure))
#21 C:\\laragon\\www\\Proyek2\\Proyek2-k7\\vendor\\laravel\\framework\\src\\Illuminate\\Database\\Console\\Migrations\\MigrateCommand.php(88): Illuminate\\Database\\Console\\Migrations\\MigrateCommand->runMigrations()
#22 C:\\laragon\\www\\Proyek2\\Proyek2-k7\\vendor\\laravel\\framework\\src\\Illuminate\\Container\\BoundMethod.php(36): Illuminate\\Database\\Console\\Migrations\\MigrateCommand->handle()
#23 C:\\laragon\\www\\Proyek2\\Proyek2-k7\\vendor\\laravel\\framework\\src\\Illuminate\\Container\\Util.php(43): Illuminate\\Container\\BoundMethod::Illuminate\\Container\\{closure}()
#24 C:\\laragon\\www\\Proyek2\\Proyek2-k7\\vendor\\laravel\\framework\\src\\Illuminate\\Container\\BoundMethod.php(96): Illuminate\\Container\\Util::unwrapIfClosure(Object(Closure))
#25 C:\\laragon\\www\\Proyek2\\Proyek2-k7\\vendor\\laravel\\framework\\src\\Illuminate\\Container\\BoundMethod.php(35): Illuminate\\Container\\BoundMethod::callBoundMethod(Object(Illuminate\\Foundation\\Application), Array, Object(Closure))
#26 C:\\laragon\\www\\Proyek2\\Proyek2-k7\\vendor\\laravel\\framework\\src\\Illuminate\\Container\\Container.php(836): Illuminate\\Container\\BoundMethod::call(Object(Illuminate\\Foundation\\Application), Array, Array, NULL)
#27 C:\\laragon\\www\\Proyek2\\Proyek2-k7\\vendor\\laravel\\framework\\src\\Illuminate\\Console\\Command.php(211): Illuminate\\Container\\Container->call(Array)
#28 C:\\laragon\\www\\Proyek2\\Proyek2-k7\\vendor\\symfony\\console\\Command\\Command.php(318): Illuminate\\Console\\Command->execute(Object(Symfony\\Component\\Console\\Input\\ArgvInput), Object(Illuminate\\Console\\OutputStyle))
#29 C:\\laragon\\www\\Proyek2\\Proyek2-k7\\vendor\\laravel\\framework\\src\\Illuminate\\Console\\Command.php(180): Symfony\\Component\\Console\\Command\\Command->run(Object(Symfony\\Component\\Console\\Input\\ArgvInput), Object(Illuminate\\Console\\OutputStyle))
#30 C:\\laragon\\www\\Proyek2\\Proyek2-k7\\vendor\\symfony\\console\\Application.php(1073): Illuminate\\Console\\Command->run(Object(Symfony\\Component\\Console\\Input\\ArgvInput), Object(Symfony\\Component\\Console\\Output\\ConsoleOutput))
#31 C:\\laragon\\www\\Proyek2\\Proyek2-k7\\vendor\\symfony\\console\\Application.php(356): Symfony\\Component\\Console\\Application->doRunCommand(Object(Illuminate\\Database\\Console\\Migrations\\MigrateCommand), Object(Symfony\\Component\\Console\\Input\\ArgvInput), Object(Symfony\\Component\\Console\\Output\\ConsoleOutput))
#32 C:\\laragon\\www\\Proyek2\\Proyek2-k7\\vendor\\symfony\\console\\Application.php(195): Symfony\\Component\\Console\\Application->doRun(Object(Symfony\\Component\\Console\\Input\\ArgvInput), Object(Symfony\\Component\\Console\\Output\\ConsoleOutput))
#33 C:\\laragon\\www\\Proyek2\\Proyek2-k7\\vendor\\laravel\\framework\\src\\Illuminate\\Foundation\\Console\\Kernel.php(197): Symfony\\Component\\Console\\Application->run(Object(Symfony\\Component\\Console\\Input\\ArgvInput), Object(Symfony\\Component\\Console\\Output\\ConsoleOutput))
#34 C:\\laragon\\www\\Proyek2\\Proyek2-k7\\vendor\\laravel\\framework\\src\\Illuminate\\Foundation\\Application.php(1235): Illuminate\\Foundation\\Console\\Kernel->handle(Object(Symfony\\Component\\Console\\Input\\ArgvInput), Object(Symfony\\Component\\Console\\Output\\ConsoleOutput))
#35 C:\\laragon\\www\\Proyek2\\Proyek2-k7\\artisan(16): Illuminate\\Foundation\\Application->handleCommand(Object(Symfony\\Component\\Console\\Input\\ArgvInput))
#36 {main}
"} 
[2025-12-03 13:01:55] local.ERROR: SQLSTATE[42S21]: Column already exists: 1060 Duplicate column name 'title' (Connection: mysql, SQL: alter table `about_page` add `title` varchar(255) null) {"exception":"[object] (Illuminate\\Database\\QueryException(code: 42S21): SQLSTATE[42S21]: Column already exists: 1060 Duplicate column name 'title' (Connection: mysql, SQL: alter table `about_page` add `title` varchar(255) null) at C:\\laragon\\www\\Proyek2\\Proyek2-k7\\vendor\\laravel\\framework\\src\\Illuminate\\Database\\Connection.php:824)
[stacktrace]
#0 C:\\laragon\\www\\Proyek2\\Proyek2-k7\\vendor\\laravel\\framework\\src\\Illuminate\\Database\\Connection.php(778): Illuminate\\Database\\Connection->runQueryCallback('alter table `ab...', Array, Object(Closure))
#1 C:\\laragon\\www\\Proyek2\\Proyek2-k7\\vendor\\laravel\\framework\\src\\Illuminate\\Database\\Connection.php(559): Illuminate\\Database\\Connection->run('alter table `ab...', Array, Object(Closure))
#2 C:\\laragon\\www\\Proyek2\\Proyek2-k7\\vendor\\laravel\\framework\\src\\Illuminate\\Database\\Schema\\Blueprint.php(121): Illuminate\\Database\\Connection->statement('alter table `ab...')
#3 C:\\laragon\\www\\Proyek2\\Proyek2-k7\\vendor\\laravel\\framework\\src\\Illuminate\\Database\\Schema\\Builder.php(618): Illuminate\\Database\\Schema\\Blueprint->build()
#4 C:\\laragon\\www\\Proyek2\\Proyek2-k7\\vendor\\laravel\\framework\\src\\Illuminate\\Database\\Schema\\Builder.php(460): Illuminate\\Database\\Schema\\Builder->build(Object(Illuminate\\Database\\Schema\\Blueprint))
#5 C:\\laragon\\www\\Proyek2\\Proyek2-k7\\vendor\\laravel\\framework\\src\\Illuminate\\Support\\Facades\\Facade.php(363): Illuminate\\Database\\Schema\\Builder->table('about_page', Object(Closure))
#6 C:\\laragon\\www\\Proyek2\\Proyek2-k7\\database\\migrations\\2025_11_26_071243_update_about_page_table.php(11): Illuminate\\Support\\Facades\\Facade::__callStatic('table', Array)
#7 C:\\laragon\\www\\Proyek2\\Proyek2-k7\\vendor\\laravel\\framework\\src\\Illuminate\\Database\\Migrations\\Migrator.php(514): Illuminate\\Database\\Migrations\\Migration@anonymous->up()
#8 C:\\laragon\\www\\Proyek2\\Proyek2-k7\\vendor\\laravel\\framework\\src\\Illuminate\\Database\\Migrations\\Migrator.php(439): Illuminate\\Database\\Migrations\\Migrator->runMethod(Object(Illuminate\\Database\\MySqlConnection), Object(Illuminate\\Database\\Migrations\\Migration@anonymous), 'up')
#9 C:\\laragon\\www\\Proyek2\\Proyek2-k7\\vendor\\laravel\\framework\\src\\Illuminate\\Database\\Migrations\\Migrator.php(448): Illuminate\\Database\\Migrations\\Migrator->Illuminate\\Database\\Migrations\\{closure}()
#10 C:\\laragon\\www\\Proyek2\\Proyek2-k7\\vendor\\laravel\\framework\\src\\Illuminate\\Database\\Migrations\\Migrator.php(250): Illuminate\\Database\\Migrations\\Migrator->runMigration(Object(Illuminate\\Database\\Migrations\\Migration@anonymous), 'up')
#11 C:\\laragon\\www\\Proyek2\\Proyek2-k7\\vendor\\laravel\\framework\\src\\Illuminate\\Console\\View\\Components\\Task.php(41): Illuminate\\Database\\Migrations\\Migrator->Illuminate\\Database\\Migrations\\{closure}()
#12 C:\\laragon\\www\\Proyek2\\Proyek2-k7\\vendor\\laravel\\framework\\src\\Illuminate\\Database\\Migrations\\Migrator.php(809): Illuminate\\Console\\View\\Components\\Task->render('2025_11_26_0712...', Object(Closure))
#13 C:\\laragon\\www\\Proyek2\\Proyek2-k7\\vendor\\laravel\\framework\\src\\Illuminate\\Database\\Migrations\\Migrator.php(250): Illuminate\\Database\\Migrations\\Migrator->write('Illuminate\\\\Cons...', '2025_11_26_0712...', Object(Closure))
#14 C:\\laragon\\www\\Proyek2\\Proyek2-k7\\vendor\\laravel\\framework\\src\\Illuminate\\Database\\Migrations\\Migrator.php(210): Illuminate\\Database\\Migrations\\Migrator->runUp('C:\\\\laragon\\\\www\\\\...', 4, false)
#15 C:\\laragon\\www\\Proyek2\\Proyek2-k7\\vendor\\laravel\\framework\\src\\Illuminate\\Database\\Migrations\\Migrator.php(137): Illuminate\\Database\\Migrations\\Migrator->runPending(Array, Array)
#16 C:\\laragon\\www\\Proyek2\\Proyek2-k7\\vendor\\laravel\\framework\\src\\Illuminate\\Database\\Console\\Migrations\\MigrateCommand.php(116): Illuminate\\Database\\Migrations\\Migrator->run(Array, Array)
#17 C:\\laragon\\www\\Proyek2\\Proyek2-k7\\vendor\\laravel\\framework\\src\\Illuminate\\Database\\Migrations\\Migrator.php(666): Illuminate\\Database\\Console\\Migrations\\MigrateCommand->Illuminate\\Database\\Console\\Migrations\\{closure}()
#18 C:\\laragon\\www\\Proyek2\\Proyek2-k7\\vendor\\laravel\\framework\\src\\Illuminate\\Database\\Console\\Migrations\\MigrateCommand.php(109): Illuminate\\Database\\Migrations\\Migrator->usingConnection(NULL, Object(Closure))
#19 C:\\laragon\\www\\Proyek2\\Proyek2-k7\\vendor\\laravel\\framework\\src\\Illuminate\\Database\\Console\\Migrations\\MigrateCommand.php(88): Illuminate\\Database\\Console\\Migrations\\MigrateCommand->runMigrations()
#20 C:\\laragon\\www\\Proyek2\\Proyek2-k7\\vendor\\laravel\\framework\\src\\Illuminate\\Container\\BoundMethod.php(36): Illuminate\\Database\\Console\\Migrations\\MigrateCommand->handle()
#21 C:\\laragon\\www\\Proyek2\\Proyek2-k7\\vendor\\laravel\\framework\\src\\Illuminate\\Container\\Util.php(43): Illuminate\\Container\\BoundMethod::Illuminate\\Container\\{closure}()
#22 C:\\laragon\\www\\Proyek2\\Proyek2-k7\\vendor\\laravel\\framework\\src\\Illuminate\\Container\\BoundMethod.php(96): Illuminate\\Container\\Util::unwrapIfClosure(Object(Closure))
#23 C:\\laragon\\www\\Proyek2\\Proyek2-k7\\vendor\\laravel\\framework\\src\\Illuminate\\Container\\BoundMethod.php(35): Illuminate\\Container\\BoundMethod::callBoundMethod(Object(Illuminate\\Foundation\\Application), Array, Object(Closure))
#24 C:\\laragon\\www\\Proyek2\\Proyek2-k7\\vendor\\laravel\\framework\\src\\Illuminate\\Container\\Container.php(836): Illuminate\\Container\\BoundMethod::call(Object(Illuminate\\Foundation\\Application), Array, Array, NULL)
#25 C:\\laragon\\www\\Proyek2\\Proyek2-k7\\vendor\\laravel\\framework\\src\\Illuminate\\Console\\Command.php(211): Illuminate\\Container\\Container->call(Array)
#26 C:\\laragon\\www\\Proyek2\\Proyek2-k7\\vendor\\symfony\\console\\Command\\Command.php(318): Illuminate\\Console\\Command->execute(Object(Symfony\\Component\\Console\\Input\\ArgvInput), Object(Illuminate\\Console\\OutputStyle))
#27 C:\\laragon\\www\\Proyek2\\Proyek2-k7\\vendor\\laravel\\framework\\src\\Illuminate\\Console\\Command.php(180): Symfony\\Component\\Console\\Command\\Command->run(Object(Symfony\\Component\\Console\\Input\\ArgvInput), Object(Illuminate\\Console\\OutputStyle))
#28 C:\\laragon\\www\\Proyek2\\Proyek2-k7\\vendor\\symfony\\console\\Application.php(1073): Illuminate\\Console\\Command->run(Object(Symfony\\Component\\Console\\Input\\ArgvInput), Object(Symfony\\Component\\Console\\Output\\ConsoleOutput))
#29 C:\\laragon\\www\\Proyek2\\Proyek2-k7\\vendor\\symfony\\console\\Application.php(356): Symfony\\Component\\Console\\Application->doRunCommand(Object(Illuminate\\Database\\Console\\Migrations\\MigrateCommand), Object(Symfony\\Component\\Console\\Input\\ArgvInput), Object(Symfony\\Component\\Console\\Output\\ConsoleOutput))
#30 C:\\laragon\\www\\Proyek2\\Proyek2-k7\\vendor\\symfony\\console\\Application.php(195): Symfony\\Component\\Console\\Application->doRun(Object(Symfony\\Component\\Console\\Input\\ArgvInput), Object(Symfony\\Component\\Console\\Output\\ConsoleOutput))
#31 C:\\laragon\\www\\Proyek2\\Proyek2-k7\\vendor\\laravel\\framework\\src\\Illuminate\\Foundation\\Console\\Kernel.php(197): Symfony\\Component\\Console\\Application->run(Object(Symfony\\Component\\Console\\Input\\ArgvInput), Object(Symfony\\Component\\Console\\Output\\ConsoleOutput))
#32 C:\\laragon\\www\\Proyek2\\Proyek2-k7\\vendor\\laravel\\framework\\src\\Illuminate\\Foundation\\Application.php(1235): Illuminate\\Foundation\\Console\\Kernel->handle(Object(Symfony\\Component\\Console\\Input\\ArgvInput), Object(Symfony\\Component\\Console\\Output\\ConsoleOutput))
#33 C:\\laragon\\www\\Proyek2\\Proyek2-k7\\artisan(16): Illuminate\\Foundation\\Application->handleCommand(Object(Symfony\\Component\\Console\\Input\\ArgvInput))
#34 {main}

[previous exception] [object] (PDOException(code: 42S21): SQLSTATE[42S21]: Column already exists: 1060 Duplicate column name 'title' at C:\\laragon\\www\\Proyek2\\Proyek2-k7\\vendor\\laravel\\framework\\src\\Illuminate\\Database\\Connection.php:570)
[stacktrace]
#0 C:\\laragon\\www\\Proyek2\\Proyek2-k7\\vendor\\laravel\\framework\\src\\Illuminate\\Database\\Connection.php(570): PDOStatement->execute()
#1 C:\\laragon\\www\\Proyek2\\Proyek2-k7\\vendor\\laravel\\framework\\src\\Illuminate\\Database\\Connection.php(811): Illuminate\\Database\\Connection->Illuminate\\Database\\{closure}('alter table `ab...', Array)
#2 C:\\laragon\\www\\Proyek2\\Proyek2-k7\\vendor\\laravel\\framework\\src\\Illuminate\\Database\\Connection.php(778): Illuminate\\Database\\Connection->runQueryCallback('alter table `ab...', Array, Object(Closure))
#3 C:\\laragon\\www\\Proyek2\\Proyek2-k7\\vendor\\laravel\\framework\\src\\Illuminate\\Database\\Connection.php(559): Illuminate\\Database\\Connection->run('alter table `ab...', Array, Object(Closure))
#4 C:\\laragon\\www\\Proyek2\\Proyek2-k7\\vendor\\laravel\\framework\\src\\Illuminate\\Database\\Schema\\Blueprint.php(121): Illuminate\\Database\\Connection->statement('alter table `ab...')
#5 C:\\laragon\\www\\Proyek2\\Proyek2-k7\\vendor\\laravel\\framework\\src\\Illuminate\\Database\\Schema\\Builder.php(618): Illuminate\\Database\\Schema\\Blueprint->build()
#6 C:\\laragon\\www\\Proyek2\\Proyek2-k7\\vendor\\laravel\\framework\\src\\Illuminate\\Database\\Schema\\Builder.php(460): Illuminate\\Database\\Schema\\Builder->build(Object(Illuminate\\Database\\Schema\\Blueprint))
#7 C:\\laragon\\www\\Proyek2\\Proyek2-k7\\vendor\\laravel\\framework\\src\\Illuminate\\Support\\Facades\\Facade.php(363): Illuminate\\Database\\Schema\\Builder->table('about_page', Object(Closure))
#8 C:\\laragon\\www\\Proyek2\\Proyek2-k7\\database\\migrations\\2025_11_26_071243_update_about_page_table.php(11): Illuminate\\Support\\Facades\\Facade::__callStatic('table', Array)
#9 C:\\laragon\\www\\Proyek2\\Proyek2-k7\\vendor\\laravel\\framework\\src\\Illuminate\\Database\\Migrations\\Migrator.php(514): Illuminate\\Database\\Migrations\\Migration@anonymous->up()
#10 C:\\laragon\\www\\Proyek2\\Proyek2-k7\\vendor\\laravel\\framework\\src\\Illuminate\\Database\\Migrations\\Migrator.php(439): Illuminate\\Database\\Migrations\\Migrator->runMethod(Object(Illuminate\\Database\\MySqlConnection), Object(Illuminate\\Database\\Migrations\\Migration@anonymous), 'up')
#11 C:\\laragon\\www\\Proyek2\\Proyek2-k7\\vendor\\laravel\\framework\\src\\Illuminate\\Database\\Migrations\\Migrator.php(448): Illuminate\\Database\\Migrations\\Migrator->Illuminate\\Database\\Migrations\\{closure}()
#12 C:\\laragon\\www\\Proyek2\\Proyek2-k7\\vendor\\laravel\\framework\\src\\Illuminate\\Database\\Migrations\\Migrator.php(250): Illuminate\\Database\\Migrations\\Migrator->runMigration(Object(Illuminate\\Database\\Migrations\\Migration@anonymous), 'up')
#13 C:\\laragon\\www\\Proyek2\\Proyek2-k7\\vendor\\laravel\\framework\\src\\Illuminate\\Console\\View\\Components\\Task.php(41): Illuminate\\Database\\Migrations\\Migrator->Illuminate\\Database\\Migrations\\{closure}()
#14 C:\\laragon\\www\\Proyek2\\Proyek2-k7\\vendor\\laravel\\framework\\src\\Illuminate\\Database\\Migrations\\Migrator.php(809): Illuminate\\Console\\View\\Components\\Task->render('2025_11_26_0712...', Object(Closure))
#15 C:\\laragon\\www\\Proyek2\\Proyek2-k7\\vendor\\laravel\\framework\\src\\Illuminate\\Database\\Migrations\\Migrator.php(250): Illuminate\\Database\\Migrations\\Migrator->write('Illuminate\\\\Cons...', '2025_11_26_0712...', Object(Closure))
#16 C:\\laragon\\www\\Proyek2\\Proyek2-k7\\vendor\\laravel\\framework\\src\\Illuminate\\Database\\Migrations\\Migrator.php(210): Illuminate\\Database\\Migrations\\Migrator->runUp('C:\\\\laragon\\\\www\\\\...', 4, false)
#17 C:\\laragon\\www\\Proyek2\\Proyek2-k7\\vendor\\laravel\\framework\\src\\Illuminate\\Database\\Migrations\\Migrator.php(137): Illuminate\\Database\\Migrations\\Migrator->runPending(Array, Array)
#18 C:\\laragon\\www\\Proyek2\\Proyek2-k7\\vendor\\laravel\\framework\\src\\Illuminate\\Database\\Console\\Migrations\\MigrateCommand.php(116): Illuminate\\Database\\Migrations\\Migrator->run(Array, Array)
#19 C:\\laragon\\www\\Proyek2\\Proyek2-k7\\vendor\\laravel\\framework\\src\\Illuminate\\Database\\Migrations\\Migrator.php(666): Illuminate\\Database\\Console\\Migrations\\MigrateCommand->Illuminate\\Database\\Console\\Migrations\\{closure}()
#20 C:\\laragon\\www\\Proyek2\\Proyek2-k7\\vendor\\laravel\\framework\\src\\Illuminate\\Database\\Console\\Migrations\\MigrateCommand.php(109): Illuminate\\Database\\Migrations\\Migrator->usingConnection(NULL, Object(Closure))
#21 C:\\laragon\\www\\Proyek2\\Proyek2-k7\\vendor\\laravel\\framework\\src\\Illuminate\\Database\\Console\\Migrations\\MigrateCommand.php(88): Illuminate\\Database\\Console\\Migrations\\MigrateCommand->runMigrations()
#22 C:\\laragon\\www\\Proyek2\\Proyek2-k7\\vendor\\laravel\\framework\\src\\Illuminate\\Container\\BoundMethod.php(36): Illuminate\\Database\\Console\\Migrations\\MigrateCommand->handle()
#23 C:\\laragon\\www\\Proyek2\\Proyek2-k7\\vendor\\laravel\\framework\\src\\Illuminate\\Container\\Util.php(43): Illuminate\\Container\\BoundMethod::Illuminate\\Container\\{closure}()
#24 C:\\laragon\\www\\Proyek2\\Proyek2-k7\\vendor\\laravel\\framework\\src\\Illuminate\\Container\\BoundMethod.php(96): Illuminate\\Container\\Util::unwrapIfClosure(Object(Closure))
#25 C:\\laragon\\www\\Proyek2\\Proyek2-k7\\vendor\\laravel\\framework\\src\\Illuminate\\Container\\BoundMethod.php(35): Illuminate\\Container\\BoundMethod::callBoundMethod(Object(Illuminate\\Foundation\\Application), Array, Object(Closure))
#26 C:\\laragon\\www\\Proyek2\\Proyek2-k7\\vendor\\laravel\\framework\\src\\Illuminate\\Container\\Container.php(836): Illuminate\\Container\\BoundMethod::call(Object(Illuminate\\Foundation\\Application), Array, Array, NULL)
#27 C:\\laragon\\www\\Proyek2\\Proyek2-k7\\vendor\\laravel\\framework\\src\\Illuminate\\Console\\Command.php(211): Illuminate\\Container\\Container->call(Array)
#28 C:\\laragon\\www\\Proyek2\\Proyek2-k7\\vendor\\symfony\\console\\Command\\Command.php(318): Illuminate\\Console\\Command->execute(Object(Symfony\\Component\\Console\\Input\\ArgvInput), Object(Illuminate\\Console\\OutputStyle))
#29 C:\\laragon\\www\\Proyek2\\Proyek2-k7\\vendor\\laravel\\framework\\src\\Illuminate\\Console\\Command.php(180): Symfony\\Component\\Console\\Command\\Command->run(Object(Symfony\\Component\\Console\\Input\\ArgvInput), Object(Illuminate\\Console\\OutputStyle))
#30 C:\\laragon\\www\\Proyek2\\Proyek2-k7\\vendor\\symfony\\console\\Application.php(1073): Illuminate\\Console\\Command->run(Object(Symfony\\Component\\Console\\Input\\ArgvInput), Object(Symfony\\Component\\Console\\Output\\ConsoleOutput))
#31 C:\\laragon\\www\\Proyek2\\Proyek2-k7\\vendor\\symfony\\console\\Application.php(356): Symfony\\Component\\Console\\Application->doRunCommand(Object(Illuminate\\Database\\Console\\Migrations\\MigrateCommand), Object(Symfony\\Component\\Console\\Input\\ArgvInput), Object(Symfony\\Component\\Console\\Output\\ConsoleOutput))
#32 C:\\laragon\\www\\Proyek2\\Proyek2-k7\\vendor\\symfony\\console\\Application.php(195): Symfony\\Component\\Console\\Application->doRun(Object(Symfony\\Component\\Console\\Input\\ArgvInput), Object(Symfony\\Component\\Console\\Output\\ConsoleOutput))
#33 C:\\laragon\\www\\Proyek2\\Proyek2-k7\\vendor\\laravel\\framework\\src\\Illuminate\\Foundation\\Console\\Kernel.php(197): Symfony\\Component\\Console\\Application->run(Object(Symfony\\Component\\Console\\Input\\ArgvInput), Object(Symfony\\Component\\Console\\Output\\ConsoleOutput))
#34 C:\\laragon\\www\\Proyek2\\Proyek2-k7\\vendor\\laravel\\framework\\src\\Illuminate\\Foundation\\Application.php(1235): Illuminate\\Foundation\\Console\\Kernel->handle(Object(Symfony\\Component\\Console\\Input\\ArgvInput), Object(Symfony\\Component\\Console\\Output\\ConsoleOutput))
#35 C:\\laragon\\www\\Proyek2\\Proyek2-k7\\artisan(16): Illuminate\\Foundation\\Application->handleCommand(Object(Symfony\\Component\\Console\\Input\\ArgvInput))
#36 {main}
"} 
[2025-12-03 13:04:35] local.ERROR: SQLSTATE[42S02]: Base table or view not found: 1146 Table 'simplexgamecenter.about_page' doesn't exist (Connection: mysql, SQL: alter table `about_page` add `title` varchar(255) null) {"exception":"[object] (Illuminate\\Database\\QueryException(code: 42S02): SQLSTATE[42S02]: Base table or view not found: 1146 Table 'simplexgamecenter.about_page' doesn't exist (Connection: mysql, SQL: alter table `about_page` add `title` varchar(255) null) at C:\\laragon\\www\\Proyek2\\Proyek2-k7\\vendor\\laravel\\framework\\src\\Illuminate\\Database\\Connection.php:824)
[stacktrace]
#0 C:\\laragon\\www\\Proyek2\\Proyek2-k7\\vendor\\laravel\\framework\\src\\Illuminate\\Database\\Connection.php(778): Illuminate\\Database\\Connection->runQueryCallback('alter table `ab...', Array, Object(Closure))
#1 C:\\laragon\\www\\Proyek2\\Proyek2-k7\\vendor\\laravel\\framework\\src\\Illuminate\\Database\\Connection.php(559): Illuminate\\Database\\Connection->run('alter table `ab...', Array, Object(Closure))
#2 C:\\laragon\\www\\Proyek2\\Proyek2-k7\\vendor\\laravel\\framework\\src\\Illuminate\\Database\\Schema\\Blueprint.php(121): Illuminate\\Database\\Connection->statement('alter table `ab...')
#3 C:\\laragon\\www\\Proyek2\\Proyek2-k7\\vendor\\laravel\\framework\\src\\Illuminate\\Database\\Schema\\Builder.php(618): Illuminate\\Database\\Schema\\Blueprint->build()
#4 C:\\laragon\\www\\Proyek2\\Proyek2-k7\\vendor\\laravel\\framework\\src\\Illuminate\\Database\\Schema\\Builder.php(460): Illuminate\\Database\\Schema\\Builder->build(Object(Illuminate\\Database\\Schema\\Blueprint))
#5 C:\\laragon\\www\\Proyek2\\Proyek2-k7\\vendor\\laravel\\framework\\src\\Illuminate\\Support\\Facades\\Facade.php(363): Illuminate\\Database\\Schema\\Builder->table('about_page', Object(Closure))
#6 C:\\laragon\\www\\Proyek2\\Proyek2-k7\\database\\migrations\\2025_11_26_071243_update_about_page_table.php(11): Illuminate\\Support\\Facades\\Facade::__callStatic('table', Array)
#7 C:\\laragon\\www\\Proyek2\\Proyek2-k7\\vendor\\laravel\\framework\\src\\Illuminate\\Database\\Migrations\\Migrator.php(514): Illuminate\\Database\\Migrations\\Migration@anonymous->up()
#8 C:\\laragon\\www\\Proyek2\\Proyek2-k7\\vendor\\laravel\\framework\\src\\Illuminate\\Database\\Migrations\\Migrator.php(439): Illuminate\\Database\\Migrations\\Migrator->runMethod(Object(Illuminate\\Database\\MySqlConnection), Object(Illuminate\\Database\\Migrations\\Migration@anonymous), 'up')
#9 C:\\laragon\\www\\Proyek2\\Proyek2-k7\\vendor\\laravel\\framework\\src\\Illuminate\\Database\\Migrations\\Migrator.php(448): Illuminate\\Database\\Migrations\\Migrator->Illuminate\\Database\\Migrations\\{closure}()
#10 C:\\laragon\\www\\Proyek2\\Proyek2-k7\\vendor\\laravel\\framework\\src\\Illuminate\\Database\\Migrations\\Migrator.php(250): Illuminate\\Database\\Migrations\\Migrator->runMigration(Object(Illuminate\\Database\\Migrations\\Migration@anonymous), 'up')
#11 C:\\laragon\\www\\Proyek2\\Proyek2-k7\\vendor\\laravel\\framework\\src\\Illuminate\\Console\\View\\Components\\Task.php(41): Illuminate\\Database\\Migrations\\Migrator->Illuminate\\Database\\Migrations\\{closure}()
#12 C:\\laragon\\www\\Proyek2\\Proyek2-k7\\vendor\\laravel\\framework\\src\\Illuminate\\Database\\Migrations\\Migrator.php(809): Illuminate\\Console\\View\\Components\\Task->render('2025_11_26_0712...', Object(Closure))
#13 C:\\laragon\\www\\Proyek2\\Proyek2-k7\\vendor\\laravel\\framework\\src\\Illuminate\\Database\\Migrations\\Migrator.php(250): Illuminate\\Database\\Migrations\\Migrator->write('Illuminate\\\\Cons...', '2025_11_26_0712...', Object(Closure))
#14 C:\\laragon\\www\\Proyek2\\Proyek2-k7\\vendor\\laravel\\framework\\src\\Illuminate\\Database\\Migrations\\Migrator.php(210): Illuminate\\Database\\Migrations\\Migrator->runUp('C:\\\\laragon\\\\www\\\\...', 1, false)
#15 C:\\laragon\\www\\Proyek2\\Proyek2-k7\\vendor\\laravel\\framework\\src\\Illuminate\\Database\\Migrations\\Migrator.php(137): Illuminate\\Database\\Migrations\\Migrator->runPending(Array, Array)
#16 C:\\laragon\\www\\Proyek2\\Proyek2-k7\\vendor\\laravel\\framework\\src\\Illuminate\\Database\\Console\\Migrations\\MigrateCommand.php(116): Illuminate\\Database\\Migrations\\Migrator->run(Array, Array)
#17 C:\\laragon\\www\\Proyek2\\Proyek2-k7\\vendor\\laravel\\framework\\src\\Illuminate\\Database\\Migrations\\Migrator.php(666): Illuminate\\Database\\Console\\Migrations\\MigrateCommand->Illuminate\\Database\\Console\\Migrations\\{closure}()
#18 C:\\laragon\\www\\Proyek2\\Proyek2-k7\\vendor\\laravel\\framework\\src\\Illuminate\\Database\\Console\\Migrations\\MigrateCommand.php(109): Illuminate\\Database\\Migrations\\Migrator->usingConnection(NULL, Object(Closure))
#19 C:\\laragon\\www\\Proyek2\\Proyek2-k7\\vendor\\laravel\\framework\\src\\Illuminate\\Database\\Console\\Migrations\\MigrateCommand.php(88): Illuminate\\Database\\Console\\Migrations\\MigrateCommand->runMigrations()
#20 C:\\laragon\\www\\Proyek2\\Proyek2-k7\\vendor\\laravel\\framework\\src\\Illuminate\\Container\\BoundMethod.php(36): Illuminate\\Database\\Console\\Migrations\\MigrateCommand->handle()
#21 C:\\laragon\\www\\Proyek2\\Proyek2-k7\\vendor\\laravel\\framework\\src\\Illuminate\\Container\\Util.php(43): Illuminate\\Container\\BoundMethod::Illuminate\\Container\\{closure}()
#22 C:\\laragon\\www\\Proyek2\\Proyek2-k7\\vendor\\laravel\\framework\\src\\Illuminate\\Container\\BoundMethod.php(96): Illuminate\\Container\\Util::unwrapIfClosure(Object(Closure))
#23 C:\\laragon\\www\\Proyek2\\Proyek2-k7\\vendor\\laravel\\framework\\src\\Illuminate\\Container\\BoundMethod.php(35): Illuminate\\Container\\BoundMethod::callBoundMethod(Object(Illuminate\\Foundation\\Application), Array, Object(Closure))
#24 C:\\laragon\\www\\Proyek2\\Proyek2-k7\\vendor\\laravel\\framework\\src\\Illuminate\\Container\\Container.php(836): Illuminate\\Container\\BoundMethod::call(Object(Illuminate\\Foundation\\Application), Array, Array, NULL)
#25 C:\\laragon\\www\\Proyek2\\Proyek2-k7\\vendor\\laravel\\framework\\src\\Illuminate\\Console\\Command.php(211): Illuminate\\Container\\Container->call(Array)
#26 C:\\laragon\\www\\Proyek2\\Proyek2-k7\\vendor\\symfony\\console\\Command\\Command.php(318): Illuminate\\Console\\Command->execute(Object(Symfony\\Component\\Console\\Input\\ArrayInput), Object(Illuminate\\Console\\OutputStyle))
#27 C:\\laragon\\www\\Proyek2\\Proyek2-k7\\vendor\\laravel\\framework\\src\\Illuminate\\Console\\Command.php(180): Symfony\\Component\\Console\\Command\\Command->run(Object(Symfony\\Component\\Console\\Input\\ArrayInput), Object(Illuminate\\Console\\OutputStyle))
#28 C:\\laragon\\www\\Proyek2\\Proyek2-k7\\vendor\\laravel\\framework\\src\\Illuminate\\Console\\Concerns\\CallsCommands.php(68): Illuminate\\Console\\Command->run(Object(Symfony\\Component\\Console\\Input\\ArrayInput), Object(Illuminate\\Console\\OutputStyle))
#29 C:\\laragon\\www\\Proyek2\\Proyek2-k7\\vendor\\laravel\\framework\\src\\Illuminate\\Console\\Concerns\\CallsCommands.php(29): Illuminate\\Console\\Command->runCommand('migrate', Array, Object(Illuminate\\Console\\OutputStyle))
#30 C:\\laragon\\www\\Proyek2\\Proyek2-k7\\vendor\\laravel\\framework\\src\\Illuminate\\Database\\Console\\Migrations\\FreshCommand.php(81): Illuminate\\Console\\Command->call('migrate', Array)
#31 C:\\laragon\\www\\Proyek2\\Proyek2-k7\\vendor\\laravel\\framework\\src\\Illuminate\\Container\\BoundMethod.php(36): Illuminate\\Database\\Console\\Migrations\\FreshCommand->handle()
#32 C:\\laragon\\www\\Proyek2\\Proyek2-k7\\vendor\\laravel\\framework\\src\\Illuminate\\Container\\Util.php(43): Illuminate\\Container\\BoundMethod::Illuminate\\Container\\{closure}()
#33 C:\\laragon\\www\\Proyek2\\Proyek2-k7\\vendor\\laravel\\framework\\src\\Illuminate\\Container\\BoundMethod.php(96): Illuminate\\Container\\Util::unwrapIfClosure(Object(Closure))
#34 C:\\laragon\\www\\Proyek2\\Proyek2-k7\\vendor\\laravel\\framework\\src\\Illuminate\\Container\\BoundMethod.php(35): Illuminate\\Container\\BoundMethod::callBoundMethod(Object(Illuminate\\Foundation\\Application), Array, Object(Closure))
#35 C:\\laragon\\www\\Proyek2\\Proyek2-k7\\vendor\\laravel\\framework\\src\\Illuminate\\Container\\Container.php(836): Illuminate\\Container\\BoundMethod::call(Object(Illuminate\\Foundation\\Application), Array, Array, NULL)
#36 C:\\laragon\\www\\Proyek2\\Proyek2-k7\\vendor\\laravel\\framework\\src\\Illuminate\\Console\\Command.php(211): Illuminate\\Container\\Container->call(Array)
#37 C:\\laragon\\www\\Proyek2\\Proyek2-k7\\vendor\\symfony\\console\\Command\\Command.php(318): Illuminate\\Console\\Command->execute(Object(Symfony\\Component\\Console\\Input\\ArgvInput), Object(Illuminate\\Console\\OutputStyle))
#38 C:\\laragon\\www\\Proyek2\\Proyek2-k7\\vendor\\laravel\\framework\\src\\Illuminate\\Console\\Command.php(180): Symfony\\Component\\Console\\Command\\Command->run(Object(Symfony\\Component\\Console\\Input\\ArgvInput), Object(Illuminate\\Console\\OutputStyle))
#39 C:\\laragon\\www\\Proyek2\\Proyek2-k7\\vendor\\symfony\\console\\Application.php(1073): Illuminate\\Console\\Command->run(Object(Symfony\\Component\\Console\\Input\\ArgvInput), Object(Symfony\\Component\\Console\\Output\\ConsoleOutput))
#40 C:\\laragon\\www\\Proyek2\\Proyek2-k7\\vendor\\symfony\\console\\Application.php(356): Symfony\\Component\\Console\\Application->doRunCommand(Object(Illuminate\\Database\\Console\\Migrations\\FreshCommand), Object(Symfony\\Component\\Console\\Input\\ArgvInput), Object(Symfony\\Component\\Console\\Output\\ConsoleOutput))
#41 C:\\laragon\\www\\Proyek2\\Proyek2-k7\\vendor\\symfony\\console\\Application.php(195): Symfony\\Component\\Console\\Application->doRun(Object(Symfony\\Component\\Console\\Input\\ArgvInput), Object(Symfony\\Component\\Console\\Output\\ConsoleOutput))
#42 C:\\laragon\\www\\Proyek2\\Proyek2-k7\\vendor\\laravel\\framework\\src\\Illuminate\\Foundation\\Console\\Kernel.php(197): Symfony\\Component\\Console\\Application->run(Object(Symfony\\Component\\Console\\Input\\ArgvInput), Object(Symfony\\Component\\Console\\Output\\ConsoleOutput))
#43 C:\\laragon\\www\\Proyek2\\Proyek2-k7\\vendor\\laravel\\framework\\src\\Illuminate\\Foundation\\Application.php(1235): Illuminate\\Foundation\\Console\\Kernel->handle(Object(Symfony\\Component\\Console\\Input\\ArgvInput), Object(Symfony\\Component\\Console\\Output\\ConsoleOutput))
#44 C:\\laragon\\www\\Proyek2\\Proyek2-k7\\artisan(16): Illuminate\\Foundation\\Application->handleCommand(Object(Symfony\\Component\\Console\\Input\\ArgvInput))
#45 {main}

[previous exception] [object] (PDOException(code: 42S02): SQLSTATE[42S02]: Base table or view not found: 1146 Table 'simplexgamecenter.about_page' doesn't exist at C:\\laragon\\www\\Proyek2\\Proyek2-k7\\vendor\\laravel\\framework\\src\\Illuminate\\Database\\Connection.php:570)
[stacktrace]
#0 C:\\laragon\\www\\Proyek2\\Proyek2-k7\\vendor\\laravel\\framework\\src\\Illuminate\\Database\\Connection.php(570): PDOStatement->execute()
#1 C:\\laragon\\www\\Proyek2\\Proyek2-k7\\vendor\\laravel\\framework\\src\\Illuminate\\Database\\Connection.php(811): Illuminate\\Database\\Connection->Illuminate\\Database\\{closure}('alter table `ab...', Array)
#2 C:\\laragon\\www\\Proyek2\\Proyek2-k7\\vendor\\laravel\\framework\\src\\Illuminate\\Database\\Connection.php(778): Illuminate\\Database\\Connection->runQueryCallback('alter table `ab...', Array, Object(Closure))
#3 C:\\laragon\\www\\Proyek2\\Proyek2-k7\\vendor\\laravel\\framework\\src\\Illuminate\\Database\\Connection.php(559): Illuminate\\Database\\Connection->run('alter table `ab...', Array, Object(Closure))
#4 C:\\laragon\\www\\Proyek2\\Proyek2-k7\\vendor\\laravel\\framework\\src\\Illuminate\\Database\\Schema\\Blueprint.php(121): Illuminate\\Database\\Connection->statement('alter table `ab...')
#5 C:\\laragon\\www\\Proyek2\\Proyek2-k7\\vendor\\laravel\\framework\\src\\Illuminate\\Database\\Schema\\Builder.php(618): Illuminate\\Database\\Schema\\Blueprint->build()
#6 C:\\laragon\\www\\Proyek2\\Proyek2-k7\\vendor\\laravel\\framework\\src\\Illuminate\\Database\\Schema\\Builder.php(460): Illuminate\\Database\\Schema\\Builder->build(Object(Illuminate\\Database\\Schema\\Blueprint))
#7 C:\\laragon\\www\\Proyek2\\Proyek2-k7\\vendor\\laravel\\framework\\src\\Illuminate\\Support\\Facades\\Facade.php(363): Illuminate\\Database\\Schema\\Builder->table('about_page', Object(Closure))
#8 C:\\laragon\\www\\Proyek2\\Proyek2-k7\\database\\migrations\\2025_11_26_071243_update_about_page_table.php(11): Illuminate\\Support\\Facades\\Facade::__callStatic('table', Array)
#9 C:\\laragon\\www\\Proyek2\\Proyek2-k7\\vendor\\laravel\\framework\\src\\Illuminate\\Database\\Migrations\\Migrator.php(514): Illuminate\\Database\\Migrations\\Migration@anonymous->up()
#10 C:\\laragon\\www\\Proyek2\\Proyek2-k7\\vendor\\laravel\\framework\\src\\Illuminate\\Database\\Migrations\\Migrator.php(439): Illuminate\\Database\\Migrations\\Migrator->runMethod(Object(Illuminate\\Database\\MySqlConnection), Object(Illuminate\\Database\\Migrations\\Migration@anonymous), 'up')
#11 C:\\laragon\\www\\Proyek2\\Proyek2-k7\\vendor\\laravel\\framework\\src\\Illuminate\\Database\\Migrations\\Migrator.php(448): Illuminate\\Database\\Migrations\\Migrator->Illuminate\\Database\\Migrations\\{closure}()
#12 C:\\laragon\\www\\Proyek2\\Proyek2-k7\\vendor\\laravel\\framework\\src\\Illuminate\\Database\\Migrations\\Migrator.php(250): Illuminate\\Database\\Migrations\\Migrator->runMigration(Object(Illuminate\\Database\\Migrations\\Migration@anonymous), 'up')
#13 C:\\laragon\\www\\Proyek2\\Proyek2-k7\\vendor\\laravel\\framework\\src\\Illuminate\\Console\\View\\Components\\Task.php(41): Illuminate\\Database\\Migrations\\Migrator->Illuminate\\Database\\Migrations\\{closure}()
#14 C:\\laragon\\www\\Proyek2\\Proyek2-k7\\vendor\\laravel\\framework\\src\\Illuminate\\Database\\Migrations\\Migrator.php(809): Illuminate\\Console\\View\\Components\\Task->render('2025_11_26_0712...', Object(Closure))
#15 C:\\laragon\\www\\Proyek2\\Proyek2-k7\\vendor\\laravel\\framework\\src\\Illuminate\\Database\\Migrations\\Migrator.php(250): Illuminate\\Database\\Migrations\\Migrator->write('Illuminate\\\\Cons...', '2025_11_26_0712...', Object(Closure))
#16 C:\\laragon\\www\\Proyek2\\Proyek2-k7\\vendor\\laravel\\framework\\src\\Illuminate\\Database\\Migrations\\Migrator.php(210): Illuminate\\Database\\Migrations\\Migrator->runUp('C:\\\\laragon\\\\www\\\\...', 1, false)
#17 C:\\laragon\\www\\Proyek2\\Proyek2-k7\\vendor\\laravel\\framework\\src\\Illuminate\\Database\\Migrations\\Migrator.php(137): Illuminate\\Database\\Migrations\\Migrator->runPending(Array, Array)
#18 C:\\laragon\\www\\Proyek2\\Proyek2-k7\\vendor\\laravel\\framework\\src\\Illuminate\\Database\\Console\\Migrations\\MigrateCommand.php(116): Illuminate\\Database\\Migrations\\Migrator->run(Array, Array)
#19 C:\\laragon\\www\\Proyek2\\Proyek2-k7\\vendor\\laravel\\framework\\src\\Illuminate\\Database\\Migrations\\Migrator.php(666): Illuminate\\Database\\Console\\Migrations\\MigrateCommand->Illuminate\\Database\\Console\\Migrations\\{closure}()
#20 C:\\laragon\\www\\Proyek2\\Proyek2-k7\\vendor\\laravel\\framework\\src\\Illuminate\\Database\\Console\\Migrations\\MigrateCommand.php(109): Illuminate\\Database\\Migrations\\Migrator->usingConnection(NULL, Object(Closure))
#21 C:\\laragon\\www\\Proyek2\\Proyek2-k7\\vendor\\laravel\\framework\\src\\Illuminate\\Database\\Console\\Migrations\\MigrateCommand.php(88): Illuminate\\Database\\Console\\Migrations\\MigrateCommand->runMigrations()
#22 C:\\laragon\\www\\Proyek2\\Proyek2-k7\\vendor\\laravel\\framework\\src\\Illuminate\\Container\\BoundMethod.php(36): Illuminate\\Database\\Console\\Migrations\\MigrateCommand->handle()
#23 C:\\laragon\\www\\Proyek2\\Proyek2-k7\\vendor\\laravel\\framework\\src\\Illuminate\\Container\\Util.php(43): Illuminate\\Container\\BoundMethod::Illuminate\\Container\\{closure}()
#24 C:\\laragon\\www\\Proyek2\\Proyek2-k7\\vendor\\laravel\\framework\\src\\Illuminate\\Container\\BoundMethod.php(96): Illuminate\\Container\\Util::unwrapIfClosure(Object(Closure))
#25 C:\\laragon\\www\\Proyek2\\Proyek2-k7\\vendor\\laravel\\framework\\src\\Illuminate\\Container\\BoundMethod.php(35): Illuminate\\Container\\BoundMethod::callBoundMethod(Object(Illuminate\\Foundation\\Application), Array, Object(Closure))
#26 C:\\laragon\\www\\Proyek2\\Proyek2-k7\\vendor\\laravel\\framework\\src\\Illuminate\\Container\\Container.php(836): Illuminate\\Container\\BoundMethod::call(Object(Illuminate\\Foundation\\Application), Array, Array, NULL)
#27 C:\\laragon\\www\\Proyek2\\Proyek2-k7\\vendor\\laravel\\framework\\src\\Illuminate\\Console\\Command.php(211): Illuminate\\Container\\Container->call(Array)
#28 C:\\laragon\\www\\Proyek2\\Proyek2-k7\\vendor\\symfony\\console\\Command\\Command.php(318): Illuminate\\Console\\Command->execute(Object(Symfony\\Component\\Console\\Input\\ArrayInput), Object(Illuminate\\Console\\OutputStyle))
#29 C:\\laragon\\www\\Proyek2\\Proyek2-k7\\vendor\\laravel\\framework\\src\\Illuminate\\Console\\Command.php(180): Symfony\\Component\\Console\\Command\\Command->run(Object(Symfony\\Component\\Console\\Input\\ArrayInput), Object(Illuminate\\Console\\OutputStyle))
#30 C:\\laragon\\www\\Proyek2\\Proyek2-k7\\vendor\\laravel\\framework\\src\\Illuminate\\Console\\Concerns\\CallsCommands.php(68): Illuminate\\Console\\Command->run(Object(Symfony\\Component\\Console\\Input\\ArrayInput), Object(Illuminate\\Console\\OutputStyle))
#31 C:\\laragon\\www\\Proyek2\\Proyek2-k7\\vendor\\laravel\\framework\\src\\Illuminate\\Console\\Concerns\\CallsCommands.php(29): Illuminate\\Console\\Command->runCommand('migrate', Array, Object(Illuminate\\Console\\OutputStyle))
#32 C:\\laragon\\www\\Proyek2\\Proyek2-k7\\vendor\\laravel\\framework\\src\\Illuminate\\Database\\Console\\Migrations\\FreshCommand.php(81): Illuminate\\Console\\Command->call('migrate', Array)
#33 C:\\laragon\\www\\Proyek2\\Proyek2-k7\\vendor\\laravel\\framework\\src\\Illuminate\\Container\\BoundMethod.php(36): Illuminate\\Database\\Console\\Migrations\\FreshCommand->handle()
#34 C:\\laragon\\www\\Proyek2\\Proyek2-k7\\vendor\\laravel\\framework\\src\\Illuminate\\Container\\Util.php(43): Illuminate\\Container\\BoundMethod::Illuminate\\Container\\{closure}()
#35 C:\\laragon\\www\\Proyek2\\Proyek2-k7\\vendor\\laravel\\framework\\src\\Illuminate\\Container\\BoundMethod.php(96): Illuminate\\Container\\Util::unwrapIfClosure(Object(Closure))
#36 C:\\laragon\\www\\Proyek2\\Proyek2-k7\\vendor\\laravel\\framework\\src\\Illuminate\\Container\\BoundMethod.php(35): Illuminate\\Container\\BoundMethod::callBoundMethod(Object(Illuminate\\Foundation\\Application), Array, Object(Closure))
#37 C:\\laragon\\www\\Proyek2\\Proyek2-k7\\vendor\\laravel\\framework\\src\\Illuminate\\Container\\Container.php(836): Illuminate\\Container\\BoundMethod::call(Object(Illuminate\\Foundation\\Application), Array, Array, NULL)
#38 C:\\laragon\\www\\Proyek2\\Proyek2-k7\\vendor\\laravel\\framework\\src\\Illuminate\\Console\\Command.php(211): Illuminate\\Container\\Container->call(Array)
#39 C:\\laragon\\www\\Proyek2\\Proyek2-k7\\vendor\\symfony\\console\\Command\\Command.php(318): Illuminate\\Console\\Command->execute(Object(Symfony\\Component\\Console\\Input\\ArgvInput), Object(Illuminate\\Console\\OutputStyle))
#40 C:\\laragon\\www\\Proyek2\\Proyek2-k7\\vendor\\laravel\\framework\\src\\Illuminate\\Console\\Command.php(180): Symfony\\Component\\Console\\Command\\Command->run(Object(Symfony\\Component\\Console\\Input\\ArgvInput), Object(Illuminate\\Console\\OutputStyle))
#41 C:\\laragon\\www\\Proyek2\\Proyek2-k7\\vendor\\symfony\\console\\Application.php(1073): Illuminate\\Console\\Command->run(Object(Symfony\\Component\\Console\\Input\\ArgvInput), Object(Symfony\\Component\\Console\\Output\\ConsoleOutput))
#42 C:\\laragon\\www\\Proyek2\\Proyek2-k7\\vendor\\symfony\\console\\Application.php(356): Symfony\\Component\\Console\\Application->doRunCommand(Object(Illuminate\\Database\\Console\\Migrations\\FreshCommand), Object(Symfony\\Component\\Console\\Input\\ArgvInput), Object(Symfony\\Component\\Console\\Output\\ConsoleOutput))
#43 C:\\laragon\\www\\Proyek2\\Proyek2-k7\\vendor\\symfony\\console\\Application.php(195): Symfony\\Component\\Console\\Application->doRun(Object(Symfony\\Component\\Console\\Input\\ArgvInput), Object(Symfony\\Component\\Console\\Output\\ConsoleOutput))
#44 C:\\laragon\\www\\Proyek2\\Proyek2-k7\\vendor\\laravel\\framework\\src\\Illuminate\\Foundation\\Console\\Kernel.php(197): Symfony\\Component\\Console\\Application->run(Object(Symfony\\Component\\Console\\Input\\ArgvInput), Object(Symfony\\Component\\Console\\Output\\ConsoleOutput))
#45 C:\\laragon\\www\\Proyek2\\Proyek2-k7\\vendor\\laravel\\framework\\src\\Illuminate\\Foundation\\Application.php(1235): Illuminate\\Foundation\\Console\\Kernel->handle(Object(Symfony\\Component\\Console\\Input\\ArgvInput), Object(Symfony\\Component\\Console\\Output\\ConsoleOutput))
#46 C:\\laragon\\www\\Proyek2\\Proyek2-k7\\artisan(16): Illuminate\\Foundation\\Application->handleCommand(Object(Symfony\\Component\\Console\\Input\\ArgvInput))
#47 {main}
"} 
[2025-12-03 13:07:28] local.ERROR: Missing required parameter for [Route: games.show] [URI: games/{game}] [Missing parameter: game]. (View: C:\laragon\www\Proyek2\Proyek2-k7\resources\views\games\index.blade.php) {"exception":"[object] (Illuminate\\View\\ViewException(code: 0): Missing required parameter for [Route: games.show] [URI: games/{game}] [Missing parameter: game]. (View: C:\\laragon\\www\\Proyek2\\Proyek2-k7\\resources\\views\\games\\index.blade.php) at C:\\laragon\\www\\Proyek2\\Proyek2-k7\\vendor\\laravel\\framework\\src\\Illuminate\\Routing\\Exceptions\\UrlGenerationException.php:35)
[stacktrace]
#0 C:\\laragon\\www\\Proyek2\\Proyek2-k7\\vendor\\laravel\\framework\\src\\Illuminate\\View\\Engines\\PhpEngine.php(59): Illuminate\\View\\Engines\\CompilerEngine->handleViewException(Object(Illuminate\\Routing\\Exceptions\\UrlGenerationException), 1)
#1 C:\\laragon\\www\\Proyek2\\Proyek2-k7\\vendor\\laravel\\framework\\src\\Illuminate\\View\\Engines\\CompilerEngine.php(76): Illuminate\\View\\Engines\\PhpEngine->evaluatePath('C:\\\\laragon\\\\www\\\\...', Array)
#2 C:\\laragon\\www\\Proyek2\\Proyek2-k7\\vendor\\laravel\\framework\\src\\Illuminate\\View\\View.php(208): Illuminate\\View\\Engines\\CompilerEngine->get('C:\\\\laragon\\\\www\\\\...', Array)
#3 C:\\laragon\\www\\Proyek2\\Proyek2-k7\\vendor\\laravel\\framework\\src\\Illuminate\\View\\View.php(191): Illuminate\\View\\View->getContents()
#4 C:\\laragon\\www\\Proyek2\\Proyek2-k7\\vendor\\laravel\\framework\\src\\Illuminate\\View\\View.php(160): Illuminate\\View\\View->renderContents()
#5 C:\\laragon\\www\\Proyek2\\Proyek2-k7\\vendor\\laravel\\framework\\src\\Illuminate\\Http\\Response.php(78): Illuminate\\View\\View->render()
#6 C:\\laragon\\www\\Proyek2\\Proyek2-k7\\vendor\\laravel\\framework\\src\\Illuminate\\Http\\Response.php(34): Illuminate\\Http\\Response->setContent(Object(Illuminate\\View\\View))
#7 C:\\laragon\\www\\Proyek2\\Proyek2-k7\\vendor\\laravel\\framework\\src\\Illuminate\\Routing\\Router.php(939): Illuminate\\Http\\Response->__construct(Object(Illuminate\\View\\View), 200, Array)
#8 C:\\laragon\\www\\Proyek2\\Proyek2-k7\\vendor\\laravel\\framework\\src\\Illuminate\\Routing\\Router.php(906): Illuminate\\Routing\\Router::toResponse(Object(Illuminate\\Http\\Request), Object(Illuminate\\View\\View))
#9 C:\\laragon\\www\\Proyek2\\Proyek2-k7\\vendor\\laravel\\framework\\src\\Illuminate\\Routing\\Router.php(821): Illuminate\\Routing\\Router->prepareResponse(Object(Illuminate\\Http\\Request), Object(Illuminate\\View\\View))
#10 C:\\laragon\\www\\Proyek2\\Proyek2-k7\\vendor\\laravel\\framework\\src\\Illuminate\\Pipeline\\Pipeline.php(180): Illuminate\\Routing\\Router->Illuminate\\Routing\\{closure}(Object(Illuminate\\Http\\Request))
#11 C:\\laragon\\www\\Proyek2\\Proyek2-k7\\vendor\\laravel\\framework\\src\\Illuminate\\Routing\\Middleware\\SubstituteBindings.php(50): Illuminate\\Pipeline\\Pipeline->Illuminate\\Pipeline\\{closure}(Object(Illuminate\\Http\\Request))
#12 C:\\laragon\\www\\Proyek2\\Proyek2-k7\\vendor\\laravel\\framework\\src\\Illuminate\\Pipeline\\Pipeline.php(219): Illuminate\\Routing\\Middleware\\SubstituteBindings->handle(Object(Illuminate\\Http\\Request), Object(Closure))
#13 C:\\laragon\\www\\Proyek2\\Proyek2-k7\\vendor\\laravel\\framework\\src\\Illuminate\\Foundation\\Http\\Middleware\\VerifyCsrfToken.php(87): Illuminate\\Pipeline\\Pipeline->Illuminate\\Pipeline\\{closure}(Object(Illuminate\\Http\\Request))
#14 C:\\laragon\\www\\Proyek2\\Proyek2-k7\\vendor\\laravel\\framework\\src\\Illuminate\\Pipeline\\Pipeline.php(219): Illuminate\\Foundation\\Http\\Middleware\\VerifyCsrfToken->handle(Object(Illuminate\\Http\\Request), Object(Closure))
#15 C:\\laragon\\www\\Proyek2\\Proyek2-k7\\vendor\\laravel\\framework\\src\\Illuminate\\View\\Middleware\\ShareErrorsFromSession.php(48): Illuminate\\Pipeline\\Pipeline->Illuminate\\Pipeline\\{closure}(Object(Illuminate\\Http\\Request))
#16 C:\\laragon\\www\\Proyek2\\Proyek2-k7\\vendor\\laravel\\framework\\src\\Illuminate\\Pipeline\\Pipeline.php(219): Illuminate\\View\\Middleware\\ShareErrorsFromSession->handle(Object(Illuminate\\Http\\Request), Object(Closure))
#17 C:\\laragon\\www\\Proyek2\\Proyek2-k7\\vendor\\laravel\\framework\\src\\Illuminate\\Session\\Middleware\\StartSession.php(120): Illuminate\\Pipeline\\Pipeline->Illuminate\\Pipeline\\{closure}(Object(Illuminate\\Http\\Request))
#18 C:\\laragon\\www\\Proyek2\\Proyek2-k7\\vendor\\laravel\\framework\\src\\Illuminate\\Session\\Middleware\\StartSession.php(63): Illuminate\\Session\\Middleware\\StartSession->handleStatefulRequest(Object(Illuminate\\Http\\Request), Object(Illuminate\\Session\\Store), Object(Closure))
#19 C:\\laragon\\www\\Proyek2\\Proyek2-k7\\vendor\\laravel\\framework\\src\\Illuminate\\Pipeline\\Pipeline.php(219): Illuminate\\Session\\Middleware\\StartSession->handle(Object(Illuminate\\Http\\Request), Object(Closure))
#20 C:\\laragon\\www\\Proyek2\\Proyek2-k7\\vendor\\laravel\\framework\\src\\Illuminate\\Cookie\\Middleware\\AddQueuedCookiesToResponse.php(36): Illuminate\\Pipeline\\Pipeline->Illuminate\\Pipeline\\{closure}(Object(Illuminate\\Http\\Request))
#21 C:\\laragon\\www\\Proyek2\\Proyek2-k7\\vendor\\laravel\\framework\\src\\Illuminate\\Pipeline\\Pipeline.php(219): Illuminate\\Cookie\\Middleware\\AddQueuedCookiesToResponse->handle(Object(Illuminate\\Http\\Request), Object(Closure))
#22 C:\\laragon\\www\\Proyek2\\Proyek2-k7\\vendor\\laravel\\framework\\src\\Illuminate\\Cookie\\Middleware\\EncryptCookies.php(74): Illuminate\\Pipeline\\Pipeline->Illuminate\\Pipeline\\{closure}(Object(Illuminate\\Http\\Request))
#23 C:\\laragon\\www\\Proyek2\\Proyek2-k7\\vendor\\laravel\\framework\\src\\Illuminate\\Pipeline\\Pipeline.php(219): Illuminate\\Cookie\\Middleware\\EncryptCookies->handle(Object(Illuminate\\Http\\Request), Object(Closure))
#24 C:\\laragon\\www\\Proyek2\\Proyek2-k7\\vendor\\laravel\\framework\\src\\Illuminate\\Pipeline\\Pipeline.php(137): Illuminate\\Pipeline\\Pipeline->Illuminate\\Pipeline\\{closure}(Object(Illuminate\\Http\\Request))
#25 C:\\laragon\\www\\Proyek2\\Proyek2-k7\\vendor\\laravel\\framework\\src\\Illuminate\\Routing\\Router.php(821): Illuminate\\Pipeline\\Pipeline->then(Object(Closure))
#26 C:\\laragon\\www\\Proyek2\\Proyek2-k7\\vendor\\laravel\\framework\\src\\Illuminate\\Routing\\Router.php(800): Illuminate\\Routing\\Router->runRouteWithinStack(Object(Illuminate\\Routing\\Route), Object(Illuminate\\Http\\Request))
#27 C:\\laragon\\www\\Proyek2\\Proyek2-k7\\vendor\\laravel\\framework\\src\\Illuminate\\Routing\\Router.php(764): Illuminate\\Routing\\Router->runRoute(Object(Illuminate\\Http\\Request), Object(Illuminate\\Routing\\Route))
#28 C:\\laragon\\www\\Proyek2\\Proyek2-k7\\vendor\\laravel\\framework\\src\\Illuminate\\Routing\\Router.php(753): Illuminate\\Routing\\Router->dispatchToRoute(Object(Illuminate\\Http\\Request))
#29 C:\\laragon\\www\\Proyek2\\Proyek2-k7\\vendor\\laravel\\framework\\src\\Illuminate\\Foundation\\Http\\Kernel.php(200): Illuminate\\Routing\\Router->dispatch(Object(Illuminate\\Http\\Request))
#30 C:\\laragon\\www\\Proyek2\\Proyek2-k7\\vendor\\laravel\\framework\\src\\Illuminate\\Pipeline\\Pipeline.php(180): Illuminate\\Foundation\\Http\\Kernel->Illuminate\\Foundation\\Http\\{closure}(Object(Illuminate\\Http\\Request))
#31 C:\\laragon\\www\\Proyek2\\Proyek2-k7\\vendor\\laravel\\framework\\src\\Illuminate\\Foundation\\Http\\Middleware\\TransformsRequest.php(21): Illuminate\\Pipeline\\Pipeline->Illuminate\\Pipeline\\{closure}(Object(Illuminate\\Http\\Request))
#32 C:\\laragon\\www\\Proyek2\\Proyek2-k7\\vendor\\laravel\\framework\\src\\Illuminate\\Foundation\\Http\\Middleware\\ConvertEmptyStringsToNull.php(31): Illuminate\\Foundation\\Http\\Middleware\\TransformsRequest->handle(Object(Illuminate\\Http\\Request), Object(Closure))
#33 C:\\laragon\\www\\Proyek2\\Proyek2-k7\\vendor\\laravel\\framework\\src\\Illuminate\\Pipeline\\Pipeline.php(219): Illuminate\\Foundation\\Http\\Middleware\\ConvertEmptyStringsToNull->handle(Object(Illuminate\\Http\\Request), Object(Closure))
#34 C:\\laragon\\www\\Proyek2\\Proyek2-k7\\vendor\\laravel\\framework\\src\\Illuminate\\Foundation\\Http\\Middleware\\TransformsRequest.php(21): Illuminate\\Pipeline\\Pipeline->Illuminate\\Pipeline\\{closure}(Object(Illuminate\\Http\\Request))
#35 C:\\laragon\\www\\Proyek2\\Proyek2-k7\\vendor\\laravel\\framework\\src\\Illuminate\\Foundation\\Http\\Middleware\\TrimStrings.php(51): Illuminate\\Foundation\\Http\\Middleware\\TransformsRequest->handle(Object(Illuminate\\Http\\Request), Object(Closure))
#36 C:\\laragon\\www\\Proyek2\\Proyek2-k7\\vendor\\laravel\\framework\\src\\Illuminate\\Pipeline\\Pipeline.php(219): Illuminate\\Foundation\\Http\\Middleware\\TrimStrings->handle(Object(Illuminate\\Http\\Request), Object(Closure))
#37 C:\\laragon\\www\\Proyek2\\Proyek2-k7\\vendor\\laravel\\framework\\src\\Illuminate\\Http\\Middleware\\ValidatePostSize.php(27): Illuminate\\Pipeline\\Pipeline->Illuminate\\Pipeline\\{closure}(Object(Illuminate\\Http\\Request))
#38 C:\\laragon\\www\\Proyek2\\Proyek2-k7\\vendor\\laravel\\framework\\src\\Illuminate\\Pipeline\\Pipeline.php(219): Illuminate\\Http\\Middleware\\ValidatePostSize->handle(Object(Illuminate\\Http\\Request), Object(Closure))
#39 C:\\laragon\\www\\Proyek2\\Proyek2-k7\\vendor\\laravel\\framework\\src\\Illuminate\\Foundation\\Http\\Middleware\\PreventRequestsDuringMaintenance.php(109): Illuminate\\Pipeline\\Pipeline->Illuminate\\Pipeline\\{closure}(Object(Illuminate\\Http\\Request))
#40 C:\\laragon\\www\\Proyek2\\Proyek2-k7\\vendor\\laravel\\framework\\src\\Illuminate\\Pipeline\\Pipeline.php(219): Illuminate\\Foundation\\Http\\Middleware\\PreventRequestsDuringMaintenance->handle(Object(Illuminate\\Http\\Request), Object(Closure))
#41 C:\\laragon\\www\\Proyek2\\Proyek2-k7\\vendor\\laravel\\framework\\src\\Illuminate\\Http\\Middleware\\HandleCors.php(48): Illuminate\\Pipeline\\Pipeline->Illuminate\\Pipeline\\{closure}(Object(Illuminate\\Http\\Request))
#42 C:\\laragon\\www\\Proyek2\\Proyek2-k7\\vendor\\laravel\\framework\\src\\Illuminate\\Pipeline\\Pipeline.php(219): Illuminate\\Http\\Middleware\\HandleCors->handle(Object(Illuminate\\Http\\Request), Object(Closure))
#43 C:\\laragon\\www\\Proyek2\\Proyek2-k7\\vendor\\laravel\\framework\\src\\Illuminate\\Http\\Middleware\\TrustProxies.php(58): Illuminate\\Pipeline\\Pipeline->Illuminate\\Pipeline\\{closure}(Object(Illuminate\\Http\\Request))
#44 C:\\laragon\\www\\Proyek2\\Proyek2-k7\\vendor\\laravel\\framework\\src\\Illuminate\\Pipeline\\Pipeline.php(219): Illuminate\\Http\\Middleware\\TrustProxies->handle(Object(Illuminate\\Http\\Request), Object(Closure))
#45 C:\\laragon\\www\\Proyek2\\Proyek2-k7\\vendor\\laravel\\framework\\src\\Illuminate\\Foundation\\Http\\Middleware\\InvokeDeferredCallbacks.php(22): Illuminate\\Pipeline\\Pipeline->Illuminate\\Pipeline\\{closure}(Object(Illuminate\\Http\\Request))
#46 C:\\laragon\\www\\Proyek2\\Proyek2-k7\\vendor\\laravel\\framework\\src\\Illuminate\\Pipeline\\Pipeline.php(219): Illuminate\\Foundation\\Http\\Middleware\\InvokeDeferredCallbacks->handle(Object(Illuminate\\Http\\Request), Object(Closure))
#47 C:\\laragon\\www\\Proyek2\\Proyek2-k7\\vendor\\laravel\\framework\\src\\Illuminate\\Http\\Middleware\\ValidatePathEncoding.php(26): Illuminate\\Pipeline\\Pipeline->Illuminate\\Pipeline\\{closure}(Object(Illuminate\\Http\\Request))
#48 C:\\laragon\\www\\Proyek2\\Proyek2-k7\\vendor\\laravel\\framework\\src\\Illuminate\\Pipeline\\Pipeline.php(219): Illuminate\\Http\\Middleware\\ValidatePathEncoding->handle(Object(Illuminate\\Http\\Request), Object(Closure))
#49 C:\\laragon\\www\\Proyek2\\Proyek2-k7\\vendor\\laravel\\framework\\src\\Illuminate\\Pipeline\\Pipeline.php(137): Illuminate\\Pipeline\\Pipeline->Illuminate\\Pipeline\\{closure}(Object(Illuminate\\Http\\Request))
#50 C:\\laragon\\www\\Proyek2\\Proyek2-k7\\vendor\\laravel\\framework\\src\\Illuminate\\Foundation\\Http\\Kernel.php(175): Illuminate\\Pipeline\\Pipeline->then(Object(Closure))
#51 C:\\laragon\\www\\Proyek2\\Proyek2-k7\\vendor\\laravel\\framework\\src\\Illuminate\\Foundation\\Http\\Kernel.php(144): Illuminate\\Foundation\\Http\\Kernel->sendRequestThroughRouter(Object(Illuminate\\Http\\Request))
#52 C:\\laragon\\www\\Proyek2\\Proyek2-k7\\vendor\\laravel\\framework\\src\\Illuminate\\Foundation\\Application.php(1220): Illuminate\\Foundation\\Http\\Kernel->handle(Object(Illuminate\\Http\\Request))
#53 C:\\laragon\\www\\Proyek2\\Proyek2-k7\\public\\index.php(20): Illuminate\\Foundation\\Application->handleRequest(Object(Illuminate\\Http\\Request))
#54 C:\\laragon\\www\\Proyek2\\Proyek2-k7\\vendor\\laravel\\framework\\src\\Illuminate\\Foundation\\resources\\server.php(23): require_once('C:\\\\laragon\\\\www\\\\...')
#55 {main}

[previous exception] [object] (Illuminate\\Routing\\Exceptions\\UrlGenerationException(code: 0): Missing required parameter for [Route: games.show] [URI: games/{game}] [Missing parameter: game]. at C:\\laragon\\www\\Proyek2\\Proyek2-k7\\vendor\\laravel\\framework\\src\\Illuminate\\Routing\\Exceptions\\UrlGenerationException.php:35)
[stacktrace]
#0 C:\\laragon\\www\\Proyek2\\Proyek2-k7\\vendor\\laravel\\framework\\src\\Illuminate\\Routing\\RouteUrlGenerator.php(94): Illuminate\\Routing\\Exceptions\\UrlGenerationException::forMissingParameters(Object(Illuminate\\Routing\\Route), Array)
#1 C:\\laragon\\www\\Proyek2\\Proyek2-k7\\vendor\\laravel\\framework\\src\\Illuminate\\Routing\\UrlGenerator.php(541): Illuminate\\Routing\\RouteUrlGenerator->to(Object(Illuminate\\Routing\\Route), Array, true)
#2 C:\\laragon\\www\\Proyek2\\Proyek2-k7\\vendor\\laravel\\framework\\src\\Illuminate\\Routing\\UrlGenerator.php(518): Illuminate\\Routing\\UrlGenerator->toRoute(Object(Illuminate\\Routing\\Route), Array, true)
#3 C:\\laragon\\www\\Proyek2\\Proyek2-k7\\vendor\\laravel\\framework\\src\\Illuminate\\Foundation\\helpers.php(871): Illuminate\\Routing\\UrlGenerator->route('games.show', Array, true)
#4 C:\\laragon\\www\\Proyek2\\Proyek2-k7\\storage\\framework\\views\\8d36968c4f574610307d3fb19274ccc7.php(60): route('games.show', Array)
#5 C:\\laragon\\www\\Proyek2\\Proyek2-k7\\vendor\\laravel\\framework\\src\\Illuminate\\Filesystem\\Filesystem.php(123): require('C:\\\\laragon\\\\www\\\\...')
#6 C:\\laragon\\www\\Proyek2\\Proyek2-k7\\vendor\\laravel\\framework\\src\\Illuminate\\Filesystem\\Filesystem.php(124): Illuminate\\Filesystem\\Filesystem::Illuminate\\Filesystem\\{closure}()
#7 C:\\laragon\\www\\Proyek2\\Proyek2-k7\\vendor\\laravel\\framework\\src\\Illuminate\\View\\Engines\\PhpEngine.php(57): Illuminate\\Filesystem\\Filesystem->getRequire('C:\\\\laragon\\\\www\\\\...', Array)
#8 C:\\laragon\\www\\Proyek2\\Proyek2-k7\\vendor\\laravel\\framework\\src\\Illuminate\\View\\Engines\\CompilerEngine.php(76): Illuminate\\View\\Engines\\PhpEngine->evaluatePath('C:\\\\laragon\\\\www\\\\...', Array)
#9 C:\\laragon\\www\\Proyek2\\Proyek2-k7\\vendor\\laravel\\framework\\src\\Illuminate\\View\\View.php(208): Illuminate\\View\\Engines\\CompilerEngine->get('C:\\\\laragon\\\\www\\\\...', Array)
#10 C:\\laragon\\www\\Proyek2\\Proyek2-k7\\vendor\\laravel\\framework\\src\\Illuminate\\View\\View.php(191): Illuminate\\View\\View->getContents()
#11 C:\\laragon\\www\\Proyek2\\Proyek2-k7\\vendor\\laravel\\framework\\src\\Illuminate\\View\\View.php(160): Illuminate\\View\\View->renderContents()
#12 C:\\laragon\\www\\Proyek2\\Proyek2-k7\\vendor\\laravel\\framework\\src\\Illuminate\\Http\\Response.php(78): Illuminate\\View\\View->render()
#13 C:\\laragon\\www\\Proyek2\\Proyek2-k7\\vendor\\laravel\\framework\\src\\Illuminate\\Http\\Response.php(34): Illuminate\\Http\\Response->setContent(Object(Illuminate\\View\\View))
#14 C:\\laragon\\www\\Proyek2\\Proyek2-k7\\vendor\\laravel\\framework\\src\\Illuminate\\Routing\\Router.php(939): Illuminate\\Http\\Response->__construct(Object(Illuminate\\View\\View), 200, Array)
#15 C:\\laragon\\www\\Proyek2\\Proyek2-k7\\vendor\\laravel\\framework\\src\\Illuminate\\Routing\\Router.php(906): Illuminate\\Routing\\Router::toResponse(Object(Illuminate\\Http\\Request), Object(Illuminate\\View\\View))
#16 C:\\laragon\\www\\Proyek2\\Proyek2-k7\\vendor\\laravel\\framework\\src\\Illuminate\\Routing\\Router.php(821): Illuminate\\Routing\\Router->prepareResponse(Object(Illuminate\\Http\\Request), Object(Illuminate\\View\\View))
#17 C:\\laragon\\www\\Proyek2\\Proyek2-k7\\vendor\\laravel\\framework\\src\\Illuminate\\Pipeline\\Pipeline.php(180): Illuminate\\Routing\\Router->Illuminate\\Routing\\{closure}(Object(Illuminate\\Http\\Request))
#18 C:\\laragon\\www\\Proyek2\\Proyek2-k7\\vendor\\laravel\\framework\\src\\Illuminate\\Routing\\Middleware\\SubstituteBindings.php(50): Illuminate\\Pipeline\\Pipeline->Illuminate\\Pipeline\\{closure}(Object(Illuminate\\Http\\Request))
#19 C:\\laragon\\www\\Proyek2\\Proyek2-k7\\vendor\\laravel\\framework\\src\\Illuminate\\Pipeline\\Pipeline.php(219): Illuminate\\Routing\\Middleware\\SubstituteBindings->handle(Object(Illuminate\\Http\\Request), Object(Closure))
#20 C:\\laragon\\www\\Proyek2\\Proyek2-k7\\vendor\\laravel\\framework\\src\\Illuminate\\Foundation\\Http\\Middleware\\VerifyCsrfToken.php(87): Illuminate\\Pipeline\\Pipeline->Illuminate\\Pipeline\\{closure}(Object(Illuminate\\Http\\Request))
#21 C:\\laragon\\www\\Proyek2\\Proyek2-k7\\vendor\\laravel\\framework\\src\\Illuminate\\Pipeline\\Pipeline.php(219): Illuminate\\Foundation\\Http\\Middleware\\VerifyCsrfToken->handle(Object(Illuminate\\Http\\Request), Object(Closure))
#22 C:\\laragon\\www\\Proyek2\\Proyek2-k7\\vendor\\laravel\\framework\\src\\Illuminate\\View\\Middleware\\ShareErrorsFromSession.php(48): Illuminate\\Pipeline\\Pipeline->Illuminate\\Pipeline\\{closure}(Object(Illuminate\\Http\\Request))
#23 C:\\laragon\\www\\Proyek2\\Proyek2-k7\\vendor\\laravel\\framework\\src\\Illuminate\\Pipeline\\Pipeline.php(219): Illuminate\\View\\Middleware\\ShareErrorsFromSession->handle(Object(Illuminate\\Http\\Request), Object(Closure))
#24 C:\\laragon\\www\\Proyek2\\Proyek2-k7\\vendor\\laravel\\framework\\src\\Illuminate\\Session\\Middleware\\StartSession.php(120): Illuminate\\Pipeline\\Pipeline->Illuminate\\Pipeline\\{closure}(Object(Illuminate\\Http\\Request))
#25 C:\\laragon\\www\\Proyek2\\Proyek2-k7\\vendor\\laravel\\framework\\src\\Illuminate\\Session\\Middleware\\StartSession.php(63): Illuminate\\Session\\Middleware\\StartSession->handleStatefulRequest(Object(Illuminate\\Http\\Request), Object(Illuminate\\Session\\Store), Object(Closure))
#26 C:\\laragon\\www\\Proyek2\\Proyek2-k7\\vendor\\laravel\\framework\\src\\Illuminate\\Pipeline\\Pipeline.php(219): Illuminate\\Session\\Middleware\\StartSession->handle(Object(Illuminate\\Http\\Request), Object(Closure))
#27 C:\\laragon\\www\\Proyek2\\Proyek2-k7\\vendor\\laravel\\framework\\src\\Illuminate\\Cookie\\Middleware\\AddQueuedCookiesToResponse.php(36): Illuminate\\Pipeline\\Pipeline->Illuminate\\Pipeline\\{closure}(Object(Illuminate\\Http\\Request))
#28 C:\\laragon\\www\\Proyek2\\Proyek2-k7\\vendor\\laravel\\framework\\src\\Illuminate\\Pipeline\\Pipeline.php(219): Illuminate\\Cookie\\Middleware\\AddQueuedCookiesToResponse->handle(Object(Illuminate\\Http\\Request), Object(Closure))
#29 C:\\laragon\\www\\Proyek2\\Proyek2-k7\\vendor\\laravel\\framework\\src\\Illuminate\\Cookie\\Middleware\\EncryptCookies.php(74): Illuminate\\Pipeline\\Pipeline->Illuminate\\Pipeline\\{closure}(Object(Illuminate\\Http\\Request))
#30 C:\\laragon\\www\\Proyek2\\Proyek2-k7\\vendor\\laravel\\framework\\src\\Illuminate\\Pipeline\\Pipeline.php(219): Illuminate\\Cookie\\Middleware\\EncryptCookies->handle(Object(Illuminate\\Http\\Request), Object(Closure))
#31 C:\\laragon\\www\\Proyek2\\Proyek2-k7\\vendor\\laravel\\framework\\src\\Illuminate\\Pipeline\\Pipeline.php(137): Illuminate\\Pipeline\\Pipeline->Illuminate\\Pipeline\\{closure}(Object(Illuminate\\Http\\Request))
#32 C:\\laragon\\www\\Proyek2\\Proyek2-k7\\vendor\\laravel\\framework\\src\\Illuminate\\Routing\\Router.php(821): Illuminate\\Pipeline\\Pipeline->then(Object(Closure))
#33 C:\\laragon\\www\\Proyek2\\Proyek2-k7\\vendor\\laravel\\framework\\src\\Illuminate\\Routing\\Router.php(800): Illuminate\\Routing\\Router->runRouteWithinStack(Object(Illuminate\\Routing\\Route), Object(Illuminate\\Http\\Request))
#34 C:\\laragon\\www\\Proyek2\\Proyek2-k7\\vendor\\laravel\\framework\\src\\Illuminate\\Routing\\Router.php(764): Illuminate\\Routing\\Router->runRoute(Object(Illuminate\\Http\\Request), Object(Illuminate\\Routing\\Route))
#35 C:\\laragon\\www\\Proyek2\\Proyek2-k7\\vendor\\laravel\\framework\\src\\Illuminate\\Routing\\Router.php(753): Illuminate\\Routing\\Router->dispatchToRoute(Object(Illuminate\\Http\\Request))
#36 C:\\laragon\\www\\Proyek2\\Proyek2-k7\\vendor\\laravel\\framework\\src\\Illuminate\\Foundation\\Http\\Kernel.php(200): Illuminate\\Routing\\Router->dispatch(Object(Illuminate\\Http\\Request))
#37 C:\\laragon\\www\\Proyek2\\Proyek2-k7\\vendor\\laravel\\framework\\src\\Illuminate\\Pipeline\\Pipeline.php(180): Illuminate\\Foundation\\Http\\Kernel->Illuminate\\Foundation\\Http\\{closure}(Object(Illuminate\\Http\\Request))
#38 C:\\laragon\\www\\Proyek2\\Proyek2-k7\\vendor\\laravel\\framework\\src\\Illuminate\\Foundation\\Http\\Middleware\\TransformsRequest.php(21): Illuminate\\Pipeline\\Pipeline->Illuminate\\Pipeline\\{closure}(Object(Illuminate\\Http\\Request))
#39 C:\\laragon\\www\\Proyek2\\Proyek2-k7\\vendor\\laravel\\framework\\src\\Illuminate\\Foundation\\Http\\Middleware\\ConvertEmptyStringsToNull.php(31): Illuminate\\Foundation\\Http\\Middleware\\TransformsRequest->handle(Object(Illuminate\\Http\\Request), Object(Closure))
#40 C:\\laragon\\www\\Proyek2\\Proyek2-k7\\vendor\\laravel\\framework\\src\\Illuminate\\Pipeline\\Pipeline.php(219): Illuminate\\Foundation\\Http\\Middleware\\ConvertEmptyStringsToNull->handle(Object(Illuminate\\Http\\Request), Object(Closure))
#41 C:\\laragon\\www\\Proyek2\\Proyek2-k7\\vendor\\laravel\\framework\\src\\Illuminate\\Foundation\\Http\\Middleware\\TransformsRequest.php(21): Illuminate\\Pipeline\\Pipeline->Illuminate\\Pipeline\\{closure}(Object(Illuminate\\Http\\Request))
#42 C:\\laragon\\www\\Proyek2\\Proyek2-k7\\vendor\\laravel\\framework\\src\\Illuminate\\Foundation\\Http\\Middleware\\TrimStrings.php(51): Illuminate\\Foundation\\Http\\Middleware\\TransformsRequest->handle(Object(Illuminate\\Http\\Request), Object(Closure))
#43 C:\\laragon\\www\\Proyek2\\Proyek2-k7\\vendor\\laravel\\framework\\src\\Illuminate\\Pipeline\\Pipeline.php(219): Illuminate\\Foundation\\Http\\Middleware\\TrimStrings->handle(Object(Illuminate\\Http\\Request), Object(Closure))
#44 C:\\laragon\\www\\Proyek2\\Proyek2-k7\\vendor\\laravel\\framework\\src\\Illuminate\\Http\\Middleware\\ValidatePostSize.php(27): Illuminate\\Pipeline\\Pipeline->Illuminate\\Pipeline\\{closure}(Object(Illuminate\\Http\\Request))
#45 C:\\laragon\\www\\Proyek2\\Proyek2-k7\\vendor\\laravel\\framework\\src\\Illuminate\\Pipeline\\Pipeline.php(219): Illuminate\\Http\\Middleware\\ValidatePostSize->handle(Object(Illuminate\\Http\\Request), Object(Closure))
#46 C:\\laragon\\www\\Proyek2\\Proyek2-k7\\vendor\\laravel\\framework\\src\\Illuminate\\Foundation\\Http\\Middleware\\PreventRequestsDuringMaintenance.php(109): Illuminate\\Pipeline\\Pipeline->Illuminate\\Pipeline\\{closure}(Object(Illuminate\\Http\\Request))
#47 C:\\laragon\\www\\Proyek2\\Proyek2-k7\\vendor\\laravel\\framework\\src\\Illuminate\\Pipeline\\Pipeline.php(219): Illuminate\\Foundation\\Http\\Middleware\\PreventRequestsDuringMaintenance->handle(Object(Illuminate\\Http\\Request), Object(Closure))
#48 C:\\laragon\\www\\Proyek2\\Proyek2-k7\\vendor\\laravel\\framework\\src\\Illuminate\\Http\\Middleware\\HandleCors.php(48): Illuminate\\Pipeline\\Pipeline->Illuminate\\Pipeline\\{closure}(Object(Illuminate\\Http\\Request))
#49 C:\\laragon\\www\\Proyek2\\Proyek2-k7\\vendor\\laravel\\framework\\src\\Illuminate\\Pipeline\\Pipeline.php(219): Illuminate\\Http\\Middleware\\HandleCors->handle(Object(Illuminate\\Http\\Request), Object(Closure))
#50 C:\\laragon\\www\\Proyek2\\Proyek2-k7\\vendor\\laravel\\framework\\src\\Illuminate\\Http\\Middleware\\TrustProxies.php(58): Illuminate\\Pipeline\\Pipeline->Illuminate\\Pipeline\\{closure}(Object(Illuminate\\Http\\Request))
#51 C:\\laragon\\www\\Proyek2\\Proyek2-k7\\vendor\\laravel\\framework\\src\\Illuminate\\Pipeline\\Pipeline.php(219): Illuminate\\Http\\Middleware\\TrustProxies->handle(Object(Illuminate\\Http\\Request), Object(Closure))
#52 C:\\laragon\\www\\Proyek2\\Proyek2-k7\\vendor\\laravel\\framework\\src\\Illuminate\\Foundation\\Http\\Middleware\\InvokeDeferredCallbacks.php(22): Illuminate\\Pipeline\\Pipeline->Illuminate\\Pipeline\\{closure}(Object(Illuminate\\Http\\Request))
#53 C:\\laragon\\www\\Proyek2\\Proyek2-k7\\vendor\\laravel\\framework\\src\\Illuminate\\Pipeline\\Pipeline.php(219): Illuminate\\Foundation\\Http\\Middleware\\InvokeDeferredCallbacks->handle(Object(Illuminate\\Http\\Request), Object(Closure))
#54 C:\\laragon\\www\\Proyek2\\Proyek2-k7\\vendor\\laravel\\framework\\src\\Illuminate\\Http\\Middleware\\ValidatePathEncoding.php(26): Illuminate\\Pipeline\\Pipeline->Illuminate\\Pipeline\\{closure}(Object(Illuminate\\Http\\Request))
#55 C:\\laragon\\www\\Proyek2\\Proyek2-k7\\vendor\\laravel\\framework\\src\\Illuminate\\Pipeline\\Pipeline.php(219): Illuminate\\Http\\Middleware\\ValidatePathEncoding->handle(Object(Illuminate\\Http\\Request), Object(Closure))
#56 C:\\laragon\\www\\Proyek2\\Proyek2-k7\\vendor\\laravel\\framework\\src\\Illuminate\\Pipeline\\Pipeline.php(137): Illuminate\\Pipeline\\Pipeline->Illuminate\\Pipeline\\{closure}(Object(Illuminate\\Http\\Request))
#57 C:\\laragon\\www\\Proyek2\\Proyek2-k7\\vendor\\laravel\\framework\\src\\Illuminate\\Foundation\\Http\\Kernel.php(175): Illuminate\\Pipeline\\Pipeline->then(Object(Closure))
#58 C:\\laragon\\www\\Proyek2\\Proyek2-k7\\vendor\\laravel\\framework\\src\\Illuminate\\Foundation\\Http\\Kernel.php(144): Illuminate\\Foundation\\Http\\Kernel->sendRequestThroughRouter(Object(Illuminate\\Http\\Request))
#59 C:\\laragon\\www\\Proyek2\\Proyek2-k7\\vendor\\laravel\\framework\\src\\Illuminate\\Foundation\\Application.php(1220): Illuminate\\Foundation\\Http\\Kernel->handle(Object(Illuminate\\Http\\Request))
#60 C:\\laragon\\www\\Proyek2\\Proyek2-k7\\public\\index.php(20): Illuminate\\Foundation\\Application->handleRequest(Object(Illuminate\\Http\\Request))
#61 C:\\laragon\\www\\Proyek2\\Proyek2-k7\\vendor\\laravel\\framework\\src\\Illuminate\\Foundation\\resources\\server.php(23): require_once('C:\\\\laragon\\\\www\\\\...')
#62 {main}
"} 
[2025-12-03 13:07:58] local.ERROR: Target [App\Services\PaymentGateway\PaymentGateway] is not instantiable while building [App\Http\Controllers\RentalController]. {"exception":"[object] (Illuminate\\Contracts\\Container\\BindingResolutionException(code: 0): Target [App\\Services\\PaymentGateway\\PaymentGateway] is not instantiable while building [App\\Http\\Controllers\\RentalController]. at C:\\laragon\\www\\Proyek2\\Proyek2-k7\\vendor\\laravel\\framework\\src\\Illuminate\\Container\\Container.php:1456)
[stacktrace]
#0 C:\\laragon\\www\\Proyek2\\Proyek2-k7\\vendor\\laravel\\framework\\src\\Illuminate\\Container\\Container.php(1170): Illuminate\\Container\\Container->notInstantiable('App\\\\Services\\\\Pa...')
#1 C:\\laragon\\www\\Proyek2\\Proyek2-k7\\vendor\\laravel\\framework\\src\\Illuminate\\Container\\Container.php(972): Illuminate\\Container\\Container->build('App\\\\Services\\\\Pa...')
#2 C:\\laragon\\www\\Proyek2\\Proyek2-k7\\vendor\\laravel\\framework\\src\\Illuminate\\Foundation\\Application.php(1078): Illuminate\\Container\\Container->resolve('App\\\\Services\\\\Pa...', Array, true)
#3 C:\\laragon\\www\\Proyek2\\Proyek2-k7\\vendor\\laravel\\framework\\src\\Illuminate\\Container\\Container.php(903): Illuminate\\Foundation\\Application->resolve('App\\\\Services\\\\Pa...', Array)
#4 C:\\laragon\\www\\Proyek2\\Proyek2-k7\\vendor\\laravel\\framework\\src\\Illuminate\\Foundation\\Application.php(1058): Illuminate\\Container\\Container->make('App\\\\Services\\\\Pa...', Array)
#5 C:\\laragon\\www\\Proyek2\\Proyek2-k7\\vendor\\laravel\\framework\\src\\Illuminate\\Container\\Container.php(1379): Illuminate\\Foundation\\Application->make('App\\\\Services\\\\Pa...')
#6 C:\\laragon\\www\\Proyek2\\Proyek2-k7\\vendor\\laravel\\framework\\src\\Illuminate\\Container\\Container.php(1278): Illuminate\\Container\\Container->resolveClass(Object(ReflectionParameter))
#7 C:\\laragon\\www\\Proyek2\\Proyek2-k7\\vendor\\laravel\\framework\\src\\Illuminate\\Container\\Container.php(1201): Illuminate\\Container\\Container->resolveDependencies(Array)
#8 C:\\laragon\\www\\Proyek2\\Proyek2-k7\\vendor\\laravel\\framework\\src\\Illuminate\\Container\\Container.php(972): Illuminate\\Container\\Container->build('App\\\\Http\\\\Contro...')
#9 C:\\laragon\\www\\Proyek2\\Proyek2-k7\\vendor\\laravel\\framework\\src\\Illuminate\\Foundation\\Application.php(1078): Illuminate\\Container\\Container->resolve('App\\\\Http\\\\Contro...', Array, true)
#10 C:\\laragon\\www\\Proyek2\\Proyek2-k7\\vendor\\laravel\\framework\\src\\Illuminate\\Container\\Container.php(903): Illuminate\\Foundation\\Application->resolve('App\\\\Http\\\\Contro...', Array)
#11 C:\\laragon\\www\\Proyek2\\Proyek2-k7\\vendor\\laravel\\framework\\src\\Illuminate\\Foundation\\Application.php(1058): Illuminate\\Container\\Container->make('App\\\\Http\\\\Contro...', Array)
#12 C:\\laragon\\www\\Proyek2\\Proyek2-k7\\vendor\\laravel\\framework\\src\\Illuminate\\Routing\\Route.php(286): Illuminate\\Foundation\\Application->make('App\\\\Http\\\\Contro...')
#13 C:\\laragon\\www\\Proyek2\\Proyek2-k7\\vendor\\laravel\\framework\\src\\Illuminate\\Routing\\Route.php(266): Illuminate\\Routing\\Route->getController()
#14 C:\\laragon\\www\\Proyek2\\Proyek2-k7\\vendor\\laravel\\framework\\src\\Illuminate\\Routing\\Route.php(211): Illuminate\\Routing\\Route->runController()
#15 C:\\laragon\\www\\Proyek2\\Proyek2-k7\\vendor\\laravel\\framework\\src\\Illuminate\\Routing\\Router.php(822): Illuminate\\Routing\\Route->run()
#16 C:\\laragon\\www\\Proyek2\\Proyek2-k7\\vendor\\laravel\\framework\\src\\Illuminate\\Pipeline\\Pipeline.php(180): Illuminate\\Routing\\Router->Illuminate\\Routing\\{closure}(Object(Illuminate\\Http\\Request))
#17 C:\\laragon\\www\\Proyek2\\Proyek2-k7\\vendor\\laravel\\framework\\src\\Illuminate\\Routing\\Middleware\\SubstituteBindings.php(50): Illuminate\\Pipeline\\Pipeline->Illuminate\\Pipeline\\{closure}(Object(Illuminate\\Http\\Request))
#18 C:\\laragon\\www\\Proyek2\\Proyek2-k7\\vendor\\laravel\\framework\\src\\Illuminate\\Pipeline\\Pipeline.php(219): Illuminate\\Routing\\Middleware\\SubstituteBindings->handle(Object(Illuminate\\Http\\Request), Object(Closure))
#19 C:\\laragon\\www\\Proyek2\\Proyek2-k7\\vendor\\laravel\\framework\\src\\Illuminate\\Foundation\\Http\\Middleware\\VerifyCsrfToken.php(87): Illuminate\\Pipeline\\Pipeline->Illuminate\\Pipeline\\{closure}(Object(Illuminate\\Http\\Request))
#20 C:\\laragon\\www\\Proyek2\\Proyek2-k7\\vendor\\laravel\\framework\\src\\Illuminate\\Pipeline\\Pipeline.php(219): Illuminate\\Foundation\\Http\\Middleware\\VerifyCsrfToken->handle(Object(Illuminate\\Http\\Request), Object(Closure))
#21 C:\\laragon\\www\\Proyek2\\Proyek2-k7\\vendor\\laravel\\framework\\src\\Illuminate\\View\\Middleware\\ShareErrorsFromSession.php(48): Illuminate\\Pipeline\\Pipeline->Illuminate\\Pipeline\\{closure}(Object(Illuminate\\Http\\Request))
#22 C:\\laragon\\www\\Proyek2\\Proyek2-k7\\vendor\\laravel\\framework\\src\\Illuminate\\Pipeline\\Pipeline.php(219): Illuminate\\View\\Middleware\\ShareErrorsFromSession->handle(Object(Illuminate\\Http\\Request), Object(Closure))
#23 C:\\laragon\\www\\Proyek2\\Proyek2-k7\\vendor\\laravel\\framework\\src\\Illuminate\\Session\\Middleware\\StartSession.php(120): Illuminate\\Pipeline\\Pipeline->Illuminate\\Pipeline\\{closure}(Object(Illuminate\\Http\\Request))
#24 C:\\laragon\\www\\Proyek2\\Proyek2-k7\\vendor\\laravel\\framework\\src\\Illuminate\\Session\\Middleware\\StartSession.php(63): Illuminate\\Session\\Middleware\\StartSession->handleStatefulRequest(Object(Illuminate\\Http\\Request), Object(Illuminate\\Session\\Store), Object(Closure))
#25 C:\\laragon\\www\\Proyek2\\Proyek2-k7\\vendor\\laravel\\framework\\src\\Illuminate\\Pipeline\\Pipeline.php(219): Illuminate\\Session\\Middleware\\StartSession->handle(Object(Illuminate\\Http\\Request), Object(Closure))
#26 C:\\laragon\\www\\Proyek2\\Proyek2-k7\\vendor\\laravel\\framework\\src\\Illuminate\\Cookie\\Middleware\\AddQueuedCookiesToResponse.php(36): Illuminate\\Pipeline\\Pipeline->Illuminate\\Pipeline\\{closure}(Object(Illuminate\\Http\\Request))
#27 C:\\laragon\\www\\Proyek2\\Proyek2-k7\\vendor\\laravel\\framework\\src\\Illuminate\\Pipeline\\Pipeline.php(219): Illuminate\\Cookie\\Middleware\\AddQueuedCookiesToResponse->handle(Object(Illuminate\\Http\\Request), Object(Closure))
#28 C:\\laragon\\www\\Proyek2\\Proyek2-k7\\vendor\\laravel\\framework\\src\\Illuminate\\Cookie\\Middleware\\EncryptCookies.php(74): Illuminate\\Pipeline\\Pipeline->Illuminate\\Pipeline\\{closure}(Object(Illuminate\\Http\\Request))
#29 C:\\laragon\\www\\Proyek2\\Proyek2-k7\\vendor\\laravel\\framework\\src\\Illuminate\\Pipeline\\Pipeline.php(219): Illuminate\\Cookie\\Middleware\\EncryptCookies->handle(Object(Illuminate\\Http\\Request), Object(Closure))
#30 C:\\laragon\\www\\Proyek2\\Proyek2-k7\\vendor\\laravel\\framework\\src\\Illuminate\\Pipeline\\Pipeline.php(137): Illuminate\\Pipeline\\Pipeline->Illuminate\\Pipeline\\{closure}(Object(Illuminate\\Http\\Request))
#31 C:\\laragon\\www\\Proyek2\\Proyek2-k7\\vendor\\laravel\\framework\\src\\Illuminate\\Routing\\Router.php(821): Illuminate\\Pipeline\\Pipeline->then(Object(Closure))
#32 C:\\laragon\\www\\Proyek2\\Proyek2-k7\\vendor\\laravel\\framework\\src\\Illuminate\\Routing\\Router.php(800): Illuminate\\Routing\\Router->runRouteWithinStack(Object(Illuminate\\Routing\\Route), Object(Illuminate\\Http\\Request))
#33 C:\\laragon\\www\\Proyek2\\Proyek2-k7\\vendor\\laravel\\framework\\src\\Illuminate\\Routing\\Router.php(764): Illuminate\\Routing\\Router->runRoute(Object(Illuminate\\Http\\Request), Object(Illuminate\\Routing\\Route))
#34 C:\\laragon\\www\\Proyek2\\Proyek2-k7\\vendor\\laravel\\framework\\src\\Illuminate\\Routing\\Router.php(753): Illuminate\\Routing\\Router->dispatchToRoute(Object(Illuminate\\Http\\Request))
#35 C:\\laragon\\www\\Proyek2\\Proyek2-k7\\vendor\\laravel\\framework\\src\\Illuminate\\Foundation\\Http\\Kernel.php(200): Illuminate\\Routing\\Router->dispatch(Object(Illuminate\\Http\\Request))
#36 C:\\laragon\\www\\Proyek2\\Proyek2-k7\\vendor\\laravel\\framework\\src\\Illuminate\\Pipeline\\Pipeline.php(180): Illuminate\\Foundation\\Http\\Kernel->Illuminate\\Foundation\\Http\\{closure}(Object(Illuminate\\Http\\Request))
#37 C:\\laragon\\www\\Proyek2\\Proyek2-k7\\vendor\\laravel\\framework\\src\\Illuminate\\Foundation\\Http\\Middleware\\TransformsRequest.php(21): Illuminate\\Pipeline\\Pipeline->Illuminate\\Pipeline\\{closure}(Object(Illuminate\\Http\\Request))
#38 C:\\laragon\\www\\Proyek2\\Proyek2-k7\\vendor\\laravel\\framework\\src\\Illuminate\\Foundation\\Http\\Middleware\\ConvertEmptyStringsToNull.php(31): Illuminate\\Foundation\\Http\\Middleware\\TransformsRequest->handle(Object(Illuminate\\Http\\Request), Object(Closure))
#39 C:\\laragon\\www\\Proyek2\\Proyek2-k7\\vendor\\laravel\\framework\\src\\Illuminate\\Pipeline\\Pipeline.php(219): Illuminate\\Foundation\\Http\\Middleware\\ConvertEmptyStringsToNull->handle(Object(Illuminate\\Http\\Request), Object(Closure))
#40 C:\\laragon\\www\\Proyek2\\Proyek2-k7\\vendor\\laravel\\framework\\src\\Illuminate\\Foundation\\Http\\Middleware\\TransformsRequest.php(21): Illuminate\\Pipeline\\Pipeline->Illuminate\\Pipeline\\{closure}(Object(Illuminate\\Http\\Request))
#41 C:\\laragon\\www\\Proyek2\\Proyek2-k7\\vendor\\laravel\\framework\\src\\Illuminate\\Foundation\\Http\\Middleware\\TrimStrings.php(51): Illuminate\\Foundation\\Http\\Middleware\\TransformsRequest->handle(Object(Illuminate\\Http\\Request), Object(Closure))
#42 C:\\laragon\\www\\Proyek2\\Proyek2-k7\\vendor\\laravel\\framework\\src\\Illuminate\\Pipeline\\Pipeline.php(219): Illuminate\\Foundation\\Http\\Middleware\\TrimStrings->handle(Object(Illuminate\\Http\\Request), Object(Closure))
#43 C:\\laragon\\www\\Proyek2\\Proyek2-k7\\vendor\\laravel\\framework\\src\\Illuminate\\Http\\Middleware\\ValidatePostSize.php(27): Illuminate\\Pipeline\\Pipeline->Illuminate\\Pipeline\\{closure}(Object(Illuminate\\Http\\Request))
#44 C:\\laragon\\www\\Proyek2\\Proyek2-k7\\vendor\\laravel\\framework\\src\\Illuminate\\Pipeline\\Pipeline.php(219): Illuminate\\Http\\Middleware\\ValidatePostSize->handle(Object(Illuminate\\Http\\Request), Object(Closure))
#45 C:\\laragon\\www\\Proyek2\\Proyek2-k7\\vendor\\laravel\\framework\\src\\Illuminate\\Foundation\\Http\\Middleware\\PreventRequestsDuringMaintenance.php(109): Illuminate\\Pipeline\\Pipeline->Illuminate\\Pipeline\\{closure}(Object(Illuminate\\Http\\Request))
#46 C:\\laragon\\www\\Proyek2\\Proyek2-k7\\vendor\\laravel\\framework\\src\\Illuminate\\Pipeline\\Pipeline.php(219): Illuminate\\Foundation\\Http\\Middleware\\PreventRequestsDuringMaintenance->handle(Object(Illuminate\\Http\\Request), Object(Closure))
#47 C:\\laragon\\www\\Proyek2\\Proyek2-k7\\vendor\\laravel\\framework\\src\\Illuminate\\Http\\Middleware\\HandleCors.php(48): Illuminate\\Pipeline\\Pipeline->Illuminate\\Pipeline\\{closure}(Object(Illuminate\\Http\\Request))
#48 C:\\laragon\\www\\Proyek2\\Proyek2-k7\\vendor\\laravel\\framework\\src\\Illuminate\\Pipeline\\Pipeline.php(219): Illuminate\\Http\\Middleware\\HandleCors->handle(Object(Illuminate\\Http\\Request), Object(Closure))
#49 C:\\laragon\\www\\Proyek2\\Proyek2-k7\\vendor\\laravel\\framework\\src\\Illuminate\\Http\\Middleware\\TrustProxies.php(58): Illuminate\\Pipeline\\Pipeline->Illuminate\\Pipeline\\{closure}(Object(Illuminate\\Http\\Request))
#50 C:\\laragon\\www\\Proyek2\\Proyek2-k7\\vendor\\laravel\\framework\\src\\Illuminate\\Pipeline\\Pipeline.php(219): Illuminate\\Http\\Middleware\\TrustProxies->handle(Object(Illuminate\\Http\\Request), Object(Closure))
#51 C:\\laragon\\www\\Proyek2\\Proyek2-k7\\vendor\\laravel\\framework\\src\\Illuminate\\Foundation\\Http\\Middleware\\InvokeDeferredCallbacks.php(22): Illuminate\\Pipeline\\Pipeline->Illuminate\\Pipeline\\{closure}(Object(Illuminate\\Http\\Request))
#52 C:\\laragon\\www\\Proyek2\\Proyek2-k7\\vendor\\laravel\\framework\\src\\Illuminate\\Pipeline\\Pipeline.php(219): Illuminate\\Foundation\\Http\\Middleware\\InvokeDeferredCallbacks->handle(Object(Illuminate\\Http\\Request), Object(Closure))
#53 C:\\laragon\\www\\Proyek2\\Proyek2-k7\\vendor\\laravel\\framework\\src\\Illuminate\\Http\\Middleware\\ValidatePathEncoding.php(26): Illuminate\\Pipeline\\Pipeline->Illuminate\\Pipeline\\{closure}(Object(Illuminate\\Http\\Request))
#54 C:\\laragon\\www\\Proyek2\\Proyek2-k7\\vendor\\laravel\\framework\\src\\Illuminate\\Pipeline\\Pipeline.php(219): Illuminate\\Http\\Middleware\\ValidatePathEncoding->handle(Object(Illuminate\\Http\\Request), Object(Closure))
#55 C:\\laragon\\www\\Proyek2\\Proyek2-k7\\vendor\\laravel\\framework\\src\\Illuminate\\Pipeline\\Pipeline.php(137): Illuminate\\Pipeline\\Pipeline->Illuminate\\Pipeline\\{closure}(Object(Illuminate\\Http\\Request))
#56 C:\\laragon\\www\\Proyek2\\Proyek2-k7\\vendor\\laravel\\framework\\src\\Illuminate\\Foundation\\Http\\Kernel.php(175): Illuminate\\Pipeline\\Pipeline->then(Object(Closure))
#57 C:\\laragon\\www\\Proyek2\\Proyek2-k7\\vendor\\laravel\\framework\\src\\Illuminate\\Foundation\\Http\\Kernel.php(144): Illuminate\\Foundation\\Http\\Kernel->sendRequestThroughRouter(Object(Illuminate\\Http\\Request))
#58 C:\\laragon\\www\\Proyek2\\Proyek2-k7\\vendor\\laravel\\framework\\src\\Illuminate\\Foundation\\Application.php(1220): Illuminate\\Foundation\\Http\\Kernel->handle(Object(Illuminate\\Http\\Request))
#59 C:\\laragon\\www\\Proyek2\\Proyek2-k7\\public\\index.php(20): Illuminate\\Foundation\\Application->handleRequest(Object(Illuminate\\Http\\Request))
#60 C:\\laragon\\www\\Proyek2\\Proyek2-k7\\vendor\\laravel\\framework\\src\\Illuminate\\Foundation\\resources\\server.php(23): require_once('C:\\\\laragon\\\\www\\\\...')
#61 {main}
"} 
[2025-12-03 13:12:47] local.ERROR: Target [App\Services\PaymentGateway\PaymentGateway] is not instantiable while building [App\Http\Controllers\RentalController]. {"exception":"[object] (Illuminate\\Contracts\\Container\\BindingResolutionException(code: 0): Target [App\\Services\\PaymentGateway\\PaymentGateway] is not instantiable while building [App\\Http\\Controllers\\RentalController]. at C:\\laragon\\www\\Proyek2\\Proyek2-k7\\vendor\\laravel\\framework\\src\\Illuminate\\Container\\Container.php:1456)
[stacktrace]
#0 C:\\laragon\\www\\Proyek2\\Proyek2-k7\\vendor\\laravel\\framework\\src\\Illuminate\\Container\\Container.php(1170): Illuminate\\Container\\Container->notInstantiable('App\\\\Services\\\\Pa...')
#1 C:\\laragon\\www\\Proyek2\\Proyek2-k7\\vendor\\laravel\\framework\\src\\Illuminate\\Container\\Container.php(972): Illuminate\\Container\\Container->build('App\\\\Services\\\\Pa...')
#2 C:\\laragon\\www\\Proyek2\\Proyek2-k7\\vendor\\laravel\\framework\\src\\Illuminate\\Foundation\\Application.php(1078): Illuminate\\Container\\Container->resolve('App\\\\Services\\\\Pa...', Array, true)
#3 C:\\laragon\\www\\Proyek2\\Proyek2-k7\\vendor\\laravel\\framework\\src\\Illuminate\\Container\\Container.php(903): Illuminate\\Foundation\\Application->resolve('App\\\\Services\\\\Pa...', Array)
#4 C:\\laragon\\www\\Proyek2\\Proyek2-k7\\vendor\\laravel\\framework\\src\\Illuminate\\Foundation\\Application.php(1058): Illuminate\\Container\\Container->make('App\\\\Services\\\\Pa...', Array)
#5 C:\\laragon\\www\\Proyek2\\Proyek2-k7\\vendor\\laravel\\framework\\src\\Illuminate\\Container\\Container.php(1379): Illuminate\\Foundation\\Application->make('App\\\\Services\\\\Pa...')
#6 C:\\laragon\\www\\Proyek2\\Proyek2-k7\\vendor\\laravel\\framework\\src\\Illuminate\\Container\\Container.php(1278): Illuminate\\Container\\Container->resolveClass(Object(ReflectionParameter))
#7 C:\\laragon\\www\\Proyek2\\Proyek2-k7\\vendor\\laravel\\framework\\src\\Illuminate\\Container\\Container.php(1201): Illuminate\\Container\\Container->resolveDependencies(Array)
#8 C:\\laragon\\www\\Proyek2\\Proyek2-k7\\vendor\\laravel\\framework\\src\\Illuminate\\Container\\Container.php(972): Illuminate\\Container\\Container->build('App\\\\Http\\\\Contro...')
#9 C:\\laragon\\www\\Proyek2\\Proyek2-k7\\vendor\\laravel\\framework\\src\\Illuminate\\Foundation\\Application.php(1078): Illuminate\\Container\\Container->resolve('App\\\\Http\\\\Contro...', Array, true)
#10 C:\\laragon\\www\\Proyek2\\Proyek2-k7\\vendor\\laravel\\framework\\src\\Illuminate\\Container\\Container.php(903): Illuminate\\Foundation\\Application->resolve('App\\\\Http\\\\Contro...', Array)
#11 C:\\laragon\\www\\Proyek2\\Proyek2-k7\\vendor\\laravel\\framework\\src\\Illuminate\\Foundation\\Application.php(1058): Illuminate\\Container\\Container->make('App\\\\Http\\\\Contro...', Array)
#12 C:\\laragon\\www\\Proyek2\\Proyek2-k7\\vendor\\laravel\\framework\\src\\Illuminate\\Routing\\Route.php(286): Illuminate\\Foundation\\Application->make('App\\\\Http\\\\Contro...')
#13 C:\\laragon\\www\\Proyek2\\Proyek2-k7\\vendor\\laravel\\framework\\src\\Illuminate\\Routing\\Route.php(266): Illuminate\\Routing\\Route->getController()
#14 C:\\laragon\\www\\Proyek2\\Proyek2-k7\\vendor\\laravel\\framework\\src\\Illuminate\\Routing\\Route.php(211): Illuminate\\Routing\\Route->runController()
#15 C:\\laragon\\www\\Proyek2\\Proyek2-k7\\vendor\\laravel\\framework\\src\\Illuminate\\Routing\\Router.php(822): Illuminate\\Routing\\Route->run()
#16 C:\\laragon\\www\\Proyek2\\Proyek2-k7\\vendor\\laravel\\framework\\src\\Illuminate\\Pipeline\\Pipeline.php(180): Illuminate\\Routing\\Router->Illuminate\\Routing\\{closure}(Object(Illuminate\\Http\\Request))
#17 C:\\laragon\\www\\Proyek2\\Proyek2-k7\\vendor\\laravel\\framework\\src\\Illuminate\\Routing\\Middleware\\SubstituteBindings.php(50): Illuminate\\Pipeline\\Pipeline->Illuminate\\Pipeline\\{closure}(Object(Illuminate\\Http\\Request))
#18 C:\\laragon\\www\\Proyek2\\Proyek2-k7\\vendor\\laravel\\framework\\src\\Illuminate\\Pipeline\\Pipeline.php(219): Illuminate\\Routing\\Middleware\\SubstituteBindings->handle(Object(Illuminate\\Http\\Request), Object(Closure))
#19 C:\\laragon\\www\\Proyek2\\Proyek2-k7\\vendor\\laravel\\framework\\src\\Illuminate\\Foundation\\Http\\Middleware\\VerifyCsrfToken.php(87): Illuminate\\Pipeline\\Pipeline->Illuminate\\Pipeline\\{closure}(Object(Illuminate\\Http\\Request))
#20 C:\\laragon\\www\\Proyek2\\Proyek2-k7\\vendor\\laravel\\framework\\src\\Illuminate\\Pipeline\\Pipeline.php(219): Illuminate\\Foundation\\Http\\Middleware\\VerifyCsrfToken->handle(Object(Illuminate\\Http\\Request), Object(Closure))
#21 C:\\laragon\\www\\Proyek2\\Proyek2-k7\\vendor\\laravel\\framework\\src\\Illuminate\\View\\Middleware\\ShareErrorsFromSession.php(48): Illuminate\\Pipeline\\Pipeline->Illuminate\\Pipeline\\{closure}(Object(Illuminate\\Http\\Request))
#22 C:\\laragon\\www\\Proyek2\\Proyek2-k7\\vendor\\laravel\\framework\\src\\Illuminate\\Pipeline\\Pipeline.php(219): Illuminate\\View\\Middleware\\ShareErrorsFromSession->handle(Object(Illuminate\\Http\\Request), Object(Closure))
#23 C:\\laragon\\www\\Proyek2\\Proyek2-k7\\vendor\\laravel\\framework\\src\\Illuminate\\Session\\Middleware\\StartSession.php(120): Illuminate\\Pipeline\\Pipeline->Illuminate\\Pipeline\\{closure}(Object(Illuminate\\Http\\Request))
#24 C:\\laragon\\www\\Proyek2\\Proyek2-k7\\vendor\\laravel\\framework\\src\\Illuminate\\Session\\Middleware\\StartSession.php(63): Illuminate\\Session\\Middleware\\StartSession->handleStatefulRequest(Object(Illuminate\\Http\\Request), Object(Illuminate\\Session\\Store), Object(Closure))
#25 C:\\laragon\\www\\Proyek2\\Proyek2-k7\\vendor\\laravel\\framework\\src\\Illuminate\\Pipeline\\Pipeline.php(219): Illuminate\\Session\\Middleware\\StartSession->handle(Object(Illuminate\\Http\\Request), Object(Closure))
#26 C:\\laragon\\www\\Proyek2\\Proyek2-k7\\vendor\\laravel\\framework\\src\\Illuminate\\Cookie\\Middleware\\AddQueuedCookiesToResponse.php(36): Illuminate\\Pipeline\\Pipeline->Illuminate\\Pipeline\\{closure}(Object(Illuminate\\Http\\Request))
#27 C:\\laragon\\www\\Proyek2\\Proyek2-k7\\vendor\\laravel\\framework\\src\\Illuminate\\Pipeline\\Pipeline.php(219): Illuminate\\Cookie\\Middleware\\AddQueuedCookiesToResponse->handle(Object(Illuminate\\Http\\Request), Object(Closure))
#28 C:\\laragon\\www\\Proyek2\\Proyek2-k7\\vendor\\laravel\\framework\\src\\Illuminate\\Cookie\\Middleware\\EncryptCookies.php(74): Illuminate\\Pipeline\\Pipeline->Illuminate\\Pipeline\\{closure}(Object(Illuminate\\Http\\Request))
#29 C:\\laragon\\www\\Proyek2\\Proyek2-k7\\vendor\\laravel\\framework\\src\\Illuminate\\Pipeline\\Pipeline.php(219): Illuminate\\Cookie\\Middleware\\EncryptCookies->handle(Object(Illuminate\\Http\\Request), Object(Closure))
#30 C:\\laragon\\www\\Proyek2\\Proyek2-k7\\vendor\\laravel\\framework\\src\\Illuminate\\Pipeline\\Pipeline.php(137): Illuminate\\Pipeline\\Pipeline->Illuminate\\Pipeline\\{closure}(Object(Illuminate\\Http\\Request))
#31 C:\\laragon\\www\\Proyek2\\Proyek2-k7\\vendor\\laravel\\framework\\src\\Illuminate\\Routing\\Router.php(821): Illuminate\\Pipeline\\Pipeline->then(Object(Closure))
#32 C:\\laragon\\www\\Proyek2\\Proyek2-k7\\vendor\\laravel\\framework\\src\\Illuminate\\Routing\\Router.php(800): Illuminate\\Routing\\Router->runRouteWithinStack(Object(Illuminate\\Routing\\Route), Object(Illuminate\\Http\\Request))
#33 C:\\laragon\\www\\Proyek2\\Proyek2-k7\\vendor\\laravel\\framework\\src\\Illuminate\\Routing\\Router.php(764): Illuminate\\Routing\\Router->runRoute(Object(Illuminate\\Http\\Request), Object(Illuminate\\Routing\\Route))
#34 C:\\laragon\\www\\Proyek2\\Proyek2-k7\\vendor\\laravel\\framework\\src\\Illuminate\\Routing\\Router.php(753): Illuminate\\Routing\\Router->dispatchToRoute(Object(Illuminate\\Http\\Request))
#35 C:\\laragon\\www\\Proyek2\\Proyek2-k7\\vendor\\laravel\\framework\\src\\Illuminate\\Foundation\\Http\\Kernel.php(200): Illuminate\\Routing\\Router->dispatch(Object(Illuminate\\Http\\Request))
#36 C:\\laragon\\www\\Proyek2\\Proyek2-k7\\vendor\\laravel\\framework\\src\\Illuminate\\Pipeline\\Pipeline.php(180): Illuminate\\Foundation\\Http\\Kernel->Illuminate\\Foundation\\Http\\{closure}(Object(Illuminate\\Http\\Request))
#37 C:\\laragon\\www\\Proyek2\\Proyek2-k7\\vendor\\laravel\\framework\\src\\Illuminate\\Foundation\\Http\\Middleware\\TransformsRequest.php(21): Illuminate\\Pipeline\\Pipeline->Illuminate\\Pipeline\\{closure}(Object(Illuminate\\Http\\Request))
#38 C:\\laragon\\www\\Proyek2\\Proyek2-k7\\vendor\\laravel\\framework\\src\\Illuminate\\Foundation\\Http\\Middleware\\ConvertEmptyStringsToNull.php(31): Illuminate\\Foundation\\Http\\Middleware\\TransformsRequest->handle(Object(Illuminate\\Http\\Request), Object(Closure))
#39 C:\\laragon\\www\\Proyek2\\Proyek2-k7\\vendor\\laravel\\framework\\src\\Illuminate\\Pipeline\\Pipeline.php(219): Illuminate\\Foundation\\Http\\Middleware\\ConvertEmptyStringsToNull->handle(Object(Illuminate\\Http\\Request), Object(Closure))
#40 C:\\laragon\\www\\Proyek2\\Proyek2-k7\\vendor\\laravel\\framework\\src\\Illuminate\\Foundation\\Http\\Middleware\\TransformsRequest.php(21): Illuminate\\Pipeline\\Pipeline->Illuminate\\Pipeline\\{closure}(Object(Illuminate\\Http\\Request))
#41 C:\\laragon\\www\\Proyek2\\Proyek2-k7\\vendor\\laravel\\framework\\src\\Illuminate\\Foundation\\Http\\Middleware\\TrimStrings.php(51): Illuminate\\Foundation\\Http\\Middleware\\TransformsRequest->handle(Object(Illuminate\\Http\\Request), Object(Closure))
#42 C:\\laragon\\www\\Proyek2\\Proyek2-k7\\vendor\\laravel\\framework\\src\\Illuminate\\Pipeline\\Pipeline.php(219): Illuminate\\Foundation\\Http\\Middleware\\TrimStrings->handle(Object(Illuminate\\Http\\Request), Object(Closure))
#43 C:\\laragon\\www\\Proyek2\\Proyek2-k7\\vendor\\laravel\\framework\\src\\Illuminate\\Http\\Middleware\\ValidatePostSize.php(27): Illuminate\\Pipeline\\Pipeline->Illuminate\\Pipeline\\{closure}(Object(Illuminate\\Http\\Request))
#44 C:\\laragon\\www\\Proyek2\\Proyek2-k7\\vendor\\laravel\\framework\\src\\Illuminate\\Pipeline\\Pipeline.php(219): Illuminate\\Http\\Middleware\\ValidatePostSize->handle(Object(Illuminate\\Http\\Request), Object(Closure))
#45 C:\\laragon\\www\\Proyek2\\Proyek2-k7\\vendor\\laravel\\framework\\src\\Illuminate\\Foundation\\Http\\Middleware\\PreventRequestsDuringMaintenance.php(109): Illuminate\\Pipeline\\Pipeline->Illuminate\\Pipeline\\{closure}(Object(Illuminate\\Http\\Request))
#46 C:\\laragon\\www\\Proyek2\\Proyek2-k7\\vendor\\laravel\\framework\\src\\Illuminate\\Pipeline\\Pipeline.php(219): Illuminate\\Foundation\\Http\\Middleware\\PreventRequestsDuringMaintenance->handle(Object(Illuminate\\Http\\Request), Object(Closure))
#47 C:\\laragon\\www\\Proyek2\\Proyek2-k7\\vendor\\laravel\\framework\\src\\Illuminate\\Http\\Middleware\\HandleCors.php(48): Illuminate\\Pipeline\\Pipeline->Illuminate\\Pipeline\\{closure}(Object(Illuminate\\Http\\Request))
#48 C:\\laragon\\www\\Proyek2\\Proyek2-k7\\vendor\\laravel\\framework\\src\\Illuminate\\Pipeline\\Pipeline.php(219): Illuminate\\Http\\Middleware\\HandleCors->handle(Object(Illuminate\\Http\\Request), Object(Closure))
#49 C:\\laragon\\www\\Proyek2\\Proyek2-k7\\vendor\\laravel\\framework\\src\\Illuminate\\Http\\Middleware\\TrustProxies.php(58): Illuminate\\Pipeline\\Pipeline->Illuminate\\Pipeline\\{closure}(Object(Illuminate\\Http\\Request))
#50 C:\\laragon\\www\\Proyek2\\Proyek2-k7\\vendor\\laravel\\framework\\src\\Illuminate\\Pipeline\\Pipeline.php(219): Illuminate\\Http\\Middleware\\TrustProxies->handle(Object(Illuminate\\Http\\Request), Object(Closure))
#51 C:\\laragon\\www\\Proyek2\\Proyek2-k7\\vendor\\laravel\\framework\\src\\Illuminate\\Foundation\\Http\\Middleware\\InvokeDeferredCallbacks.php(22): Illuminate\\Pipeline\\Pipeline->Illuminate\\Pipeline\\{closure}(Object(Illuminate\\Http\\Request))
#52 C:\\laragon\\www\\Proyek2\\Proyek2-k7\\vendor\\laravel\\framework\\src\\Illuminate\\Pipeline\\Pipeline.php(219): Illuminate\\Foundation\\Http\\Middleware\\InvokeDeferredCallbacks->handle(Object(Illuminate\\Http\\Request), Object(Closure))
#53 C:\\laragon\\www\\Proyek2\\Proyek2-k7\\vendor\\laravel\\framework\\src\\Illuminate\\Http\\Middleware\\ValidatePathEncoding.php(26): Illuminate\\Pipeline\\Pipeline->Illuminate\\Pipeline\\{closure}(Object(Illuminate\\Http\\Request))
#54 C:\\laragon\\www\\Proyek2\\Proyek2-k7\\vendor\\laravel\\framework\\src\\Illuminate\\Pipeline\\Pipeline.php(219): Illuminate\\Http\\Middleware\\ValidatePathEncoding->handle(Object(Illuminate\\Http\\Request), Object(Closure))
#55 C:\\laragon\\www\\Proyek2\\Proyek2-k7\\vendor\\laravel\\framework\\src\\Illuminate\\Pipeline\\Pipeline.php(137): Illuminate\\Pipeline\\Pipeline->Illuminate\\Pipeline\\{closure}(Object(Illuminate\\Http\\Request))
#56 C:\\laragon\\www\\Proyek2\\Proyek2-k7\\vendor\\laravel\\framework\\src\\Illuminate\\Foundation\\Http\\Kernel.php(175): Illuminate\\Pipeline\\Pipeline->then(Object(Closure))
#57 C:\\laragon\\www\\Proyek2\\Proyek2-k7\\vendor\\laravel\\framework\\src\\Illuminate\\Foundation\\Http\\Kernel.php(144): Illuminate\\Foundation\\Http\\Kernel->sendRequestThroughRouter(Object(Illuminate\\Http\\Request))
#58 C:\\laragon\\www\\Proyek2\\Proyek2-k7\\vendor\\laravel\\framework\\src\\Illuminate\\Foundation\\Application.php(1220): Illuminate\\Foundation\\Http\\Kernel->handle(Object(Illuminate\\Http\\Request))
#59 C:\\laragon\\www\\Proyek2\\Proyek2-k7\\public\\index.php(20): Illuminate\\Foundation\\Application->handleRequest(Object(Illuminate\\Http\\Request))
#60 C:\\laragon\\www\\Proyek2\\Proyek2-k7\\vendor\\laravel\\framework\\src\\Illuminate\\Foundation\\resources\\server.php(23): require_once('C:\\\\laragon\\\\www\\\\...')
#61 {main}
"} 
[2025-12-03 13:13:04] local.ERROR: Missing required parameter for [Route: games.show] [URI: games/{game}] [Missing parameter: game]. (View: C:\laragon\www\Proyek2\Proyek2-k7\resources\views\games\index.blade.php) {"exception":"[object] (Illuminate\\View\\ViewException(code: 0): Missing required parameter for [Route: games.show] [URI: games/{game}] [Missing parameter: game]. (View: C:\\laragon\\www\\Proyek2\\Proyek2-k7\\resources\\views\\games\\index.blade.php) at C:\\laragon\\www\\Proyek2\\Proyek2-k7\\vendor\\laravel\\framework\\src\\Illuminate\\Routing\\Exceptions\\UrlGenerationException.php:35)
[stacktrace]
#0 C:\\laragon\\www\\Proyek2\\Proyek2-k7\\vendor\\laravel\\framework\\src\\Illuminate\\View\\Engines\\PhpEngine.php(59): Illuminate\\View\\Engines\\CompilerEngine->handleViewException(Object(Illuminate\\Routing\\Exceptions\\UrlGenerationException), 1)
#1 C:\\laragon\\www\\Proyek2\\Proyek2-k7\\vendor\\laravel\\framework\\src\\Illuminate\\View\\Engines\\CompilerEngine.php(76): Illuminate\\View\\Engines\\PhpEngine->evaluatePath('C:\\\\laragon\\\\www\\\\...', Array)
#2 C:\\laragon\\www\\Proyek2\\Proyek2-k7\\vendor\\laravel\\framework\\src\\Illuminate\\View\\View.php(208): Illuminate\\View\\Engines\\CompilerEngine->get('C:\\\\laragon\\\\www\\\\...', Array)
#3 C:\\laragon\\www\\Proyek2\\Proyek2-k7\\vendor\\laravel\\framework\\src\\Illuminate\\View\\View.php(191): Illuminate\\View\\View->getContents()
#4 C:\\laragon\\www\\Proyek2\\Proyek2-k7\\vendor\\laravel\\framework\\src\\Illuminate\\View\\View.php(160): Illuminate\\View\\View->renderContents()
#5 C:\\laragon\\www\\Proyek2\\Proyek2-k7\\vendor\\laravel\\framework\\src\\Illuminate\\Http\\Response.php(78): Illuminate\\View\\View->render()
#6 C:\\laragon\\www\\Proyek2\\Proyek2-k7\\vendor\\laravel\\framework\\src\\Illuminate\\Http\\Response.php(34): Illuminate\\Http\\Response->setContent(Object(Illuminate\\View\\View))
#7 C:\\laragon\\www\\Proyek2\\Proyek2-k7\\vendor\\laravel\\framework\\src\\Illuminate\\Routing\\Router.php(939): Illuminate\\Http\\Response->__construct(Object(Illuminate\\View\\View), 200, Array)
#8 C:\\laragon\\www\\Proyek2\\Proyek2-k7\\vendor\\laravel\\framework\\src\\Illuminate\\Routing\\Router.php(906): Illuminate\\Routing\\Router::toResponse(Object(Illuminate\\Http\\Request), Object(Illuminate\\View\\View))
#9 C:\\laragon\\www\\Proyek2\\Proyek2-k7\\vendor\\laravel\\framework\\src\\Illuminate\\Routing\\Router.php(821): Illuminate\\Routing\\Router->prepareResponse(Object(Illuminate\\Http\\Request), Object(Illuminate\\View\\View))
#10 C:\\laragon\\www\\Proyek2\\Proyek2-k7\\vendor\\laravel\\framework\\src\\Illuminate\\Pipeline\\Pipeline.php(180): Illuminate\\Routing\\Router->Illuminate\\Routing\\{closure}(Object(Illuminate\\Http\\Request))
#11 C:\\laragon\\www\\Proyek2\\Proyek2-k7\\vendor\\laravel\\framework\\src\\Illuminate\\Routing\\Middleware\\SubstituteBindings.php(50): Illuminate\\Pipeline\\Pipeline->Illuminate\\Pipeline\\{closure}(Object(Illuminate\\Http\\Request))
#12 C:\\laragon\\www\\Proyek2\\Proyek2-k7\\vendor\\laravel\\framework\\src\\Illuminate\\Pipeline\\Pipeline.php(219): Illuminate\\Routing\\Middleware\\SubstituteBindings->handle(Object(Illuminate\\Http\\Request), Object(Closure))
#13 C:\\laragon\\www\\Proyek2\\Proyek2-k7\\vendor\\laravel\\framework\\src\\Illuminate\\Foundation\\Http\\Middleware\\VerifyCsrfToken.php(87): Illuminate\\Pipeline\\Pipeline->Illuminate\\Pipeline\\{closure}(Object(Illuminate\\Http\\Request))
#14 C:\\laragon\\www\\Proyek2\\Proyek2-k7\\vendor\\laravel\\framework\\src\\Illuminate\\Pipeline\\Pipeline.php(219): Illuminate\\Foundation\\Http\\Middleware\\VerifyCsrfToken->handle(Object(Illuminate\\Http\\Request), Object(Closure))
#15 C:\\laragon\\www\\Proyek2\\Proyek2-k7\\vendor\\laravel\\framework\\src\\Illuminate\\View\\Middleware\\ShareErrorsFromSession.php(48): Illuminate\\Pipeline\\Pipeline->Illuminate\\Pipeline\\{closure}(Object(Illuminate\\Http\\Request))
#16 C:\\laragon\\www\\Proyek2\\Proyek2-k7\\vendor\\laravel\\framework\\src\\Illuminate\\Pipeline\\Pipeline.php(219): Illuminate\\View\\Middleware\\ShareErrorsFromSession->handle(Object(Illuminate\\Http\\Request), Object(Closure))
#17 C:\\laragon\\www\\Proyek2\\Proyek2-k7\\vendor\\laravel\\framework\\src\\Illuminate\\Session\\Middleware\\StartSession.php(120): Illuminate\\Pipeline\\Pipeline->Illuminate\\Pipeline\\{closure}(Object(Illuminate\\Http\\Request))
#18 C:\\laragon\\www\\Proyek2\\Proyek2-k7\\vendor\\laravel\\framework\\src\\Illuminate\\Session\\Middleware\\StartSession.php(63): Illuminate\\Session\\Middleware\\StartSession->handleStatefulRequest(Object(Illuminate\\Http\\Request), Object(Illuminate\\Session\\Store), Object(Closure))
#19 C:\\laragon\\www\\Proyek2\\Proyek2-k7\\vendor\\laravel\\framework\\src\\Illuminate\\Pipeline\\Pipeline.php(219): Illuminate\\Session\\Middleware\\StartSession->handle(Object(Illuminate\\Http\\Request), Object(Closure))
#20 C:\\laragon\\www\\Proyek2\\Proyek2-k7\\vendor\\laravel\\framework\\src\\Illuminate\\Cookie\\Middleware\\AddQueuedCookiesToResponse.php(36): Illuminate\\Pipeline\\Pipeline->Illuminate\\Pipeline\\{closure}(Object(Illuminate\\Http\\Request))
#21 C:\\laragon\\www\\Proyek2\\Proyek2-k7\\vendor\\laravel\\framework\\src\\Illuminate\\Pipeline\\Pipeline.php(219): Illuminate\\Cookie\\Middleware\\AddQueuedCookiesToResponse->handle(Object(Illuminate\\Http\\Request), Object(Closure))
#22 C:\\laragon\\www\\Proyek2\\Proyek2-k7\\vendor\\laravel\\framework\\src\\Illuminate\\Cookie\\Middleware\\EncryptCookies.php(74): Illuminate\\Pipeline\\Pipeline->Illuminate\\Pipeline\\{closure}(Object(Illuminate\\Http\\Request))
#23 C:\\laragon\\www\\Proyek2\\Proyek2-k7\\vendor\\laravel\\framework\\src\\Illuminate\\Pipeline\\Pipeline.php(219): Illuminate\\Cookie\\Middleware\\EncryptCookies->handle(Object(Illuminate\\Http\\Request), Object(Closure))
#24 C:\\laragon\\www\\Proyek2\\Proyek2-k7\\vendor\\laravel\\framework\\src\\Illuminate\\Pipeline\\Pipeline.php(137): Illuminate\\Pipeline\\Pipeline->Illuminate\\Pipeline\\{closure}(Object(Illuminate\\Http\\Request))
#25 C:\\laragon\\www\\Proyek2\\Proyek2-k7\\vendor\\laravel\\framework\\src\\Illuminate\\Routing\\Router.php(821): Illuminate\\Pipeline\\Pipeline->then(Object(Closure))
#26 C:\\laragon\\www\\Proyek2\\Proyek2-k7\\vendor\\laravel\\framework\\src\\Illuminate\\Routing\\Router.php(800): Illuminate\\Routing\\Router->runRouteWithinStack(Object(Illuminate\\Routing\\Route), Object(Illuminate\\Http\\Request))
#27 C:\\laragon\\www\\Proyek2\\Proyek2-k7\\vendor\\laravel\\framework\\src\\Illuminate\\Routing\\Router.php(764): Illuminate\\Routing\\Router->runRoute(Object(Illuminate\\Http\\Request), Object(Illuminate\\Routing\\Route))
#28 C:\\laragon\\www\\Proyek2\\Proyek2-k7\\vendor\\laravel\\framework\\src\\Illuminate\\Routing\\Router.php(753): Illuminate\\Routing\\Router->dispatchToRoute(Object(Illuminate\\Http\\Request))
#29 C:\\laragon\\www\\Proyek2\\Proyek2-k7\\vendor\\laravel\\framework\\src\\Illuminate\\Foundation\\Http\\Kernel.php(200): Illuminate\\Routing\\Router->dispatch(Object(Illuminate\\Http\\Request))
#30 C:\\laragon\\www\\Proyek2\\Proyek2-k7\\vendor\\laravel\\framework\\src\\Illuminate\\Pipeline\\Pipeline.php(180): Illuminate\\Foundation\\Http\\Kernel->Illuminate\\Foundation\\Http\\{closure}(Object(Illuminate\\Http\\Request))
#31 C:\\laragon\\www\\Proyek2\\Proyek2-k7\\vendor\\laravel\\framework\\src\\Illuminate\\Foundation\\Http\\Middleware\\TransformsRequest.php(21): Illuminate\\Pipeline\\Pipeline->Illuminate\\Pipeline\\{closure}(Object(Illuminate\\Http\\Request))
#32 C:\\laragon\\www\\Proyek2\\Proyek2-k7\\vendor\\laravel\\framework\\src\\Illuminate\\Foundation\\Http\\Middleware\\ConvertEmptyStringsToNull.php(31): Illuminate\\Foundation\\Http\\Middleware\\TransformsRequest->handle(Object(Illuminate\\Http\\Request), Object(Closure))
#33 C:\\laragon\\www\\Proyek2\\Proyek2-k7\\vendor\\laravel\\framework\\src\\Illuminate\\Pipeline\\Pipeline.php(219): Illuminate\\Foundation\\Http\\Middleware\\ConvertEmptyStringsToNull->handle(Object(Illuminate\\Http\\Request), Object(Closure))
#34 C:\\laragon\\www\\Proyek2\\Proyek2-k7\\vendor\\laravel\\framework\\src\\Illuminate\\Foundation\\Http\\Middleware\\TransformsRequest.php(21): Illuminate\\Pipeline\\Pipeline->Illuminate\\Pipeline\\{closure}(Object(Illuminate\\Http\\Request))
#35 C:\\laragon\\www\\Proyek2\\Proyek2-k7\\vendor\\laravel\\framework\\src\\Illuminate\\Foundation\\Http\\Middleware\\TrimStrings.php(51): Illuminate\\Foundation\\Http\\Middleware\\TransformsRequest->handle(Object(Illuminate\\Http\\Request), Object(Closure))
#36 C:\\laragon\\www\\Proyek2\\Proyek2-k7\\vendor\\laravel\\framework\\src\\Illuminate\\Pipeline\\Pipeline.php(219): Illuminate\\Foundation\\Http\\Middleware\\TrimStrings->handle(Object(Illuminate\\Http\\Request), Object(Closure))
#37 C:\\laragon\\www\\Proyek2\\Proyek2-k7\\vendor\\laravel\\framework\\src\\Illuminate\\Http\\Middleware\\ValidatePostSize.php(27): Illuminate\\Pipeline\\Pipeline->Illuminate\\Pipeline\\{closure}(Object(Illuminate\\Http\\Request))
#38 C:\\laragon\\www\\Proyek2\\Proyek2-k7\\vendor\\laravel\\framework\\src\\Illuminate\\Pipeline\\Pipeline.php(219): Illuminate\\Http\\Middleware\\ValidatePostSize->handle(Object(Illuminate\\Http\\Request), Object(Closure))
#39 C:\\laragon\\www\\Proyek2\\Proyek2-k7\\vendor\\laravel\\framework\\src\\Illuminate\\Foundation\\Http\\Middleware\\PreventRequestsDuringMaintenance.php(109): Illuminate\\Pipeline\\Pipeline->Illuminate\\Pipeline\\{closure}(Object(Illuminate\\Http\\Request))
#40 C:\\laragon\\www\\Proyek2\\Proyek2-k7\\vendor\\laravel\\framework\\src\\Illuminate\\Pipeline\\Pipeline.php(219): Illuminate\\Foundation\\Http\\Middleware\\PreventRequestsDuringMaintenance->handle(Object(Illuminate\\Http\\Request), Object(Closure))
#41 C:\\laragon\\www\\Proyek2\\Proyek2-k7\\vendor\\laravel\\framework\\src\\Illuminate\\Http\\Middleware\\HandleCors.php(48): Illuminate\\Pipeline\\Pipeline->Illuminate\\Pipeline\\{closure}(Object(Illuminate\\Http\\Request))
#42 C:\\laragon\\www\\Proyek2\\Proyek2-k7\\vendor\\laravel\\framework\\src\\Illuminate\\Pipeline\\Pipeline.php(219): Illuminate\\Http\\Middleware\\HandleCors->handle(Object(Illuminate\\Http\\Request), Object(Closure))
#43 C:\\laragon\\www\\Proyek2\\Proyek2-k7\\vendor\\laravel\\framework\\src\\Illuminate\\Http\\Middleware\\TrustProxies.php(58): Illuminate\\Pipeline\\Pipeline->Illuminate\\Pipeline\\{closure}(Object(Illuminate\\Http\\Request))
#44 C:\\laragon\\www\\Proyek2\\Proyek2-k7\\vendor\\laravel\\framework\\src\\Illuminate\\Pipeline\\Pipeline.php(219): Illuminate\\Http\\Middleware\\TrustProxies->handle(Object(Illuminate\\Http\\Request), Object(Closure))
#45 C:\\laragon\\www\\Proyek2\\Proyek2-k7\\vendor\\laravel\\framework\\src\\Illuminate\\Foundation\\Http\\Middleware\\InvokeDeferredCallbacks.php(22): Illuminate\\Pipeline\\Pipeline->Illuminate\\Pipeline\\{closure}(Object(Illuminate\\Http\\Request))
#46 C:\\laragon\\www\\Proyek2\\Proyek2-k7\\vendor\\laravel\\framework\\src\\Illuminate\\Pipeline\\Pipeline.php(219): Illuminate\\Foundation\\Http\\Middleware\\InvokeDeferredCallbacks->handle(Object(Illuminate\\Http\\Request), Object(Closure))
#47 C:\\laragon\\www\\Proyek2\\Proyek2-k7\\vendor\\laravel\\framework\\src\\Illuminate\\Http\\Middleware\\ValidatePathEncoding.php(26): Illuminate\\Pipeline\\Pipeline->Illuminate\\Pipeline\\{closure}(Object(Illuminate\\Http\\Request))
#48 C:\\laragon\\www\\Proyek2\\Proyek2-k7\\vendor\\laravel\\framework\\src\\Illuminate\\Pipeline\\Pipeline.php(219): Illuminate\\Http\\Middleware\\ValidatePathEncoding->handle(Object(Illuminate\\Http\\Request), Object(Closure))
#49 C:\\laragon\\www\\Proyek2\\Proyek2-k7\\vendor\\laravel\\framework\\src\\Illuminate\\Pipeline\\Pipeline.php(137): Illuminate\\Pipeline\\Pipeline->Illuminate\\Pipeline\\{closure}(Object(Illuminate\\Http\\Request))
#50 C:\\laragon\\www\\Proyek2\\Proyek2-k7\\vendor\\laravel\\framework\\src\\Illuminate\\Foundation\\Http\\Kernel.php(175): Illuminate\\Pipeline\\Pipeline->then(Object(Closure))
#51 C:\\laragon\\www\\Proyek2\\Proyek2-k7\\vendor\\laravel\\framework\\src\\Illuminate\\Foundation\\Http\\Kernel.php(144): Illuminate\\Foundation\\Http\\Kernel->sendRequestThroughRouter(Object(Illuminate\\Http\\Request))
#52 C:\\laragon\\www\\Proyek2\\Proyek2-k7\\vendor\\laravel\\framework\\src\\Illuminate\\Foundation\\Application.php(1220): Illuminate\\Foundation\\Http\\Kernel->handle(Object(Illuminate\\Http\\Request))
#53 C:\\laragon\\www\\Proyek2\\Proyek2-k7\\public\\index.php(20): Illuminate\\Foundation\\Application->handleRequest(Object(Illuminate\\Http\\Request))
#54 C:\\laragon\\www\\Proyek2\\Proyek2-k7\\vendor\\laravel\\framework\\src\\Illuminate\\Foundation\\resources\\server.php(23): require_once('C:\\\\laragon\\\\www\\\\...')
#55 {main}

[previous exception] [object] (Illuminate\\Routing\\Exceptions\\UrlGenerationException(code: 0): Missing required parameter for [Route: games.show] [URI: games/{game}] [Missing parameter: game]. at C:\\laragon\\www\\Proyek2\\Proyek2-k7\\vendor\\laravel\\framework\\src\\Illuminate\\Routing\\Exceptions\\UrlGenerationException.php:35)
[stacktrace]
#0 C:\\laragon\\www\\Proyek2\\Proyek2-k7\\vendor\\laravel\\framework\\src\\Illuminate\\Routing\\RouteUrlGenerator.php(94): Illuminate\\Routing\\Exceptions\\UrlGenerationException::forMissingParameters(Object(Illuminate\\Routing\\Route), Array)
#1 C:\\laragon\\www\\Proyek2\\Proyek2-k7\\vendor\\laravel\\framework\\src\\Illuminate\\Routing\\UrlGenerator.php(541): Illuminate\\Routing\\RouteUrlGenerator->to(Object(Illuminate\\Routing\\Route), Array, true)
#2 C:\\laragon\\www\\Proyek2\\Proyek2-k7\\vendor\\laravel\\framework\\src\\Illuminate\\Routing\\UrlGenerator.php(518): Illuminate\\Routing\\UrlGenerator->toRoute(Object(Illuminate\\Routing\\Route), Array, true)
#3 C:\\laragon\\www\\Proyek2\\Proyek2-k7\\vendor\\laravel\\framework\\src\\Illuminate\\Foundation\\helpers.php(871): Illuminate\\Routing\\UrlGenerator->route('games.show', Array, true)
#4 C:\\laragon\\www\\Proyek2\\Proyek2-k7\\storage\\framework\\views\\8d36968c4f574610307d3fb19274ccc7.php(60): route('games.show', Array)
#5 C:\\laragon\\www\\Proyek2\\Proyek2-k7\\vendor\\laravel\\framework\\src\\Illuminate\\Filesystem\\Filesystem.php(123): require('C:\\\\laragon\\\\www\\\\...')
#6 C:\\laragon\\www\\Proyek2\\Proyek2-k7\\vendor\\laravel\\framework\\src\\Illuminate\\Filesystem\\Filesystem.php(124): Illuminate\\Filesystem\\Filesystem::Illuminate\\Filesystem\\{closure}()
#7 C:\\laragon\\www\\Proyek2\\Proyek2-k7\\vendor\\laravel\\framework\\src\\Illuminate\\View\\Engines\\PhpEngine.php(57): Illuminate\\Filesystem\\Filesystem->getRequire('C:\\\\laragon\\\\www\\\\...', Array)
#8 C:\\laragon\\www\\Proyek2\\Proyek2-k7\\vendor\\laravel\\framework\\src\\Illuminate\\View\\Engines\\CompilerEngine.php(76): Illuminate\\View\\Engines\\PhpEngine->evaluatePath('C:\\\\laragon\\\\www\\\\...', Array)
#9 C:\\laragon\\www\\Proyek2\\Proyek2-k7\\vendor\\laravel\\framework\\src\\Illuminate\\View\\View.php(208): Illuminate\\View\\Engines\\CompilerEngine->get('C:\\\\laragon\\\\www\\\\...', Array)
#10 C:\\laragon\\www\\Proyek2\\Proyek2-k7\\vendor\\laravel\\framework\\src\\Illuminate\\View\\View.php(191): Illuminate\\View\\View->getContents()
#11 C:\\laragon\\www\\Proyek2\\Proyek2-k7\\vendor\\laravel\\framework\\src\\Illuminate\\View\\View.php(160): Illuminate\\View\\View->renderContents()
#12 C:\\laragon\\www\\Proyek2\\Proyek2-k7\\vendor\\laravel\\framework\\src\\Illuminate\\Http\\Response.php(78): Illuminate\\View\\View->render()
#13 C:\\laragon\\www\\Proyek2\\Proyek2-k7\\vendor\\laravel\\framework\\src\\Illuminate\\Http\\Response.php(34): Illuminate\\Http\\Response->setContent(Object(Illuminate\\View\\View))
#14 C:\\laragon\\www\\Proyek2\\Proyek2-k7\\vendor\\laravel\\framework\\src\\Illuminate\\Routing\\Router.php(939): Illuminate\\Http\\Response->__construct(Object(Illuminate\\View\\View), 200, Array)
#15 C:\\laragon\\www\\Proyek2\\Proyek2-k7\\vendor\\laravel\\framework\\src\\Illuminate\\Routing\\Router.php(906): Illuminate\\Routing\\Router::toResponse(Object(Illuminate\\Http\\Request), Object(Illuminate\\View\\View))
#16 C:\\laragon\\www\\Proyek2\\Proyek2-k7\\vendor\\laravel\\framework\\src\\Illuminate\\Routing\\Router.php(821): Illuminate\\Routing\\Router->prepareResponse(Object(Illuminate\\Http\\Request), Object(Illuminate\\View\\View))
#17 C:\\laragon\\www\\Proyek2\\Proyek2-k7\\vendor\\laravel\\framework\\src\\Illuminate\\Pipeline\\Pipeline.php(180): Illuminate\\Routing\\Router->Illuminate\\Routing\\{closure}(Object(Illuminate\\Http\\Request))
#18 C:\\laragon\\www\\Proyek2\\Proyek2-k7\\vendor\\laravel\\framework\\src\\Illuminate\\Routing\\Middleware\\SubstituteBindings.php(50): Illuminate\\Pipeline\\Pipeline->Illuminate\\Pipeline\\{closure}(Object(Illuminate\\Http\\Request))
#19 C:\\laragon\\www\\Proyek2\\Proyek2-k7\\vendor\\laravel\\framework\\src\\Illuminate\\Pipeline\\Pipeline.php(219): Illuminate\\Routing\\Middleware\\SubstituteBindings->handle(Object(Illuminate\\Http\\Request), Object(Closure))
#20 C:\\laragon\\www\\Proyek2\\Proyek2-k7\\vendor\\laravel\\framework\\src\\Illuminate\\Foundation\\Http\\Middleware\\VerifyCsrfToken.php(87): Illuminate\\Pipeline\\Pipeline->Illuminate\\Pipeline\\{closure}(Object(Illuminate\\Http\\Request))
#21 C:\\laragon\\www\\Proyek2\\Proyek2-k7\\vendor\\laravel\\framework\\src\\Illuminate\\Pipeline\\Pipeline.php(219): Illuminate\\Foundation\\Http\\Middleware\\VerifyCsrfToken->handle(Object(Illuminate\\Http\\Request), Object(Closure))
#22 C:\\laragon\\www\\Proyek2\\Proyek2-k7\\vendor\\laravel\\framework\\src\\Illuminate\\View\\Middleware\\ShareErrorsFromSession.php(48): Illuminate\\Pipeline\\Pipeline->Illuminate\\Pipeline\\{closure}(Object(Illuminate\\Http\\Request))
#23 C:\\laragon\\www\\Proyek2\\Proyek2-k7\\vendor\\laravel\\framework\\src\\Illuminate\\Pipeline\\Pipeline.php(219): Illuminate\\View\\Middleware\\ShareErrorsFromSession->handle(Object(Illuminate\\Http\\Request), Object(Closure))
#24 C:\\laragon\\www\\Proyek2\\Proyek2-k7\\vendor\\laravel\\framework\\src\\Illuminate\\Session\\Middleware\\StartSession.php(120): Illuminate\\Pipeline\\Pipeline->Illuminate\\Pipeline\\{closure}(Object(Illuminate\\Http\\Request))
#25 C:\\laragon\\www\\Proyek2\\Proyek2-k7\\vendor\\laravel\\framework\\src\\Illuminate\\Session\\Middleware\\StartSession.php(63): Illuminate\\Session\\Middleware\\StartSession->handleStatefulRequest(Object(Illuminate\\Http\\Request), Object(Illuminate\\Session\\Store), Object(Closure))
#26 C:\\laragon\\www\\Proyek2\\Proyek2-k7\\vendor\\laravel\\framework\\src\\Illuminate\\Pipeline\\Pipeline.php(219): Illuminate\\Session\\Middleware\\StartSession->handle(Object(Illuminate\\Http\\Request), Object(Closure))
#27 C:\\laragon\\www\\Proyek2\\Proyek2-k7\\vendor\\laravel\\framework\\src\\Illuminate\\Cookie\\Middleware\\AddQueuedCookiesToResponse.php(36): Illuminate\\Pipeline\\Pipeline->Illuminate\\Pipeline\\{closure}(Object(Illuminate\\Http\\Request))
#28 C:\\laragon\\www\\Proyek2\\Proyek2-k7\\vendor\\laravel\\framework\\src\\Illuminate\\Pipeline\\Pipeline.php(219): Illuminate\\Cookie\\Middleware\\AddQueuedCookiesToResponse->handle(Object(Illuminate\\Http\\Request), Object(Closure))
#29 C:\\laragon\\www\\Proyek2\\Proyek2-k7\\vendor\\laravel\\framework\\src\\Illuminate\\Cookie\\Middleware\\EncryptCookies.php(74): Illuminate\\Pipeline\\Pipeline->Illuminate\\Pipeline\\{closure}(Object(Illuminate\\Http\\Request))
#30 C:\\laragon\\www\\Proyek2\\Proyek2-k7\\vendor\\laravel\\framework\\src\\Illuminate\\Pipeline\\Pipeline.php(219): Illuminate\\Cookie\\Middleware\\EncryptCookies->handle(Object(Illuminate\\Http\\Request), Object(Closure))
#31 C:\\laragon\\www\\Proyek2\\Proyek2-k7\\vendor\\laravel\\framework\\src\\Illuminate\\Pipeline\\Pipeline.php(137): Illuminate\\Pipeline\\Pipeline->Illuminate\\Pipeline\\{closure}(Object(Illuminate\\Http\\Request))
#32 C:\\laragon\\www\\Proyek2\\Proyek2-k7\\vendor\\laravel\\framework\\src\\Illuminate\\Routing\\Router.php(821): Illuminate\\Pipeline\\Pipeline->then(Object(Closure))
#33 C:\\laragon\\www\\Proyek2\\Proyek2-k7\\vendor\\laravel\\framework\\src\\Illuminate\\Routing\\Router.php(800): Illuminate\\Routing\\Router->runRouteWithinStack(Object(Illuminate\\Routing\\Route), Object(Illuminate\\Http\\Request))
#34 C:\\laragon\\www\\Proyek2\\Proyek2-k7\\vendor\\laravel\\framework\\src\\Illuminate\\Routing\\Router.php(764): Illuminate\\Routing\\Router->runRoute(Object(Illuminate\\Http\\Request), Object(Illuminate\\Routing\\Route))
#35 C:\\laragon\\www\\Proyek2\\Proyek2-k7\\vendor\\laravel\\framework\\src\\Illuminate\\Routing\\Router.php(753): Illuminate\\Routing\\Router->dispatchToRoute(Object(Illuminate\\Http\\Request))
#36 C:\\laragon\\www\\Proyek2\\Proyek2-k7\\vendor\\laravel\\framework\\src\\Illuminate\\Foundation\\Http\\Kernel.php(200): Illuminate\\Routing\\Router->dispatch(Object(Illuminate\\Http\\Request))
#37 C:\\laragon\\www\\Proyek2\\Proyek2-k7\\vendor\\laravel\\framework\\src\\Illuminate\\Pipeline\\Pipeline.php(180): Illuminate\\Foundation\\Http\\Kernel->Illuminate\\Foundation\\Http\\{closure}(Object(Illuminate\\Http\\Request))
#38 C:\\laragon\\www\\Proyek2\\Proyek2-k7\\vendor\\laravel\\framework\\src\\Illuminate\\Foundation\\Http\\Middleware\\TransformsRequest.php(21): Illuminate\\Pipeline\\Pipeline->Illuminate\\Pipeline\\{closure}(Object(Illuminate\\Http\\Request))
#39 C:\\laragon\\www\\Proyek2\\Proyek2-k7\\vendor\\laravel\\framework\\src\\Illuminate\\Foundation\\Http\\Middleware\\ConvertEmptyStringsToNull.php(31): Illuminate\\Foundation\\Http\\Middleware\\TransformsRequest->handle(Object(Illuminate\\Http\\Request), Object(Closure))
#40 C:\\laragon\\www\\Proyek2\\Proyek2-k7\\vendor\\laravel\\framework\\src\\Illuminate\\Pipeline\\Pipeline.php(219): Illuminate\\Foundation\\Http\\Middleware\\ConvertEmptyStringsToNull->handle(Object(Illuminate\\Http\\Request), Object(Closure))
#41 C:\\laragon\\www\\Proyek2\\Proyek2-k7\\vendor\\laravel\\framework\\src\\Illuminate\\Foundation\\Http\\Middleware\\TransformsRequest.php(21): Illuminate\\Pipeline\\Pipeline->Illuminate\\Pipeline\\{closure}(Object(Illuminate\\Http\\Request))
#42 C:\\laragon\\www\\Proyek2\\Proyek2-k7\\vendor\\laravel\\framework\\src\\Illuminate\\Foundation\\Http\\Middleware\\TrimStrings.php(51): Illuminate\\Foundation\\Http\\Middleware\\TransformsRequest->handle(Object(Illuminate\\Http\\Request), Object(Closure))
#43 C:\\laragon\\www\\Proyek2\\Proyek2-k7\\vendor\\laravel\\framework\\src\\Illuminate\\Pipeline\\Pipeline.php(219): Illuminate\\Foundation\\Http\\Middleware\\TrimStrings->handle(Object(Illuminate\\Http\\Request), Object(Closure))
#44 C:\\laragon\\www\\Proyek2\\Proyek2-k7\\vendor\\laravel\\framework\\src\\Illuminate\\Http\\Middleware\\ValidatePostSize.php(27): Illuminate\\Pipeline\\Pipeline->Illuminate\\Pipeline\\{closure}(Object(Illuminate\\Http\\Request))
#45 C:\\laragon\\www\\Proyek2\\Proyek2-k7\\vendor\\laravel\\framework\\src\\Illuminate\\Pipeline\\Pipeline.php(219): Illuminate\\Http\\Middleware\\ValidatePostSize->handle(Object(Illuminate\\Http\\Request), Object(Closure))
#46 C:\\laragon\\www\\Proyek2\\Proyek2-k7\\vendor\\laravel\\framework\\src\\Illuminate\\Foundation\\Http\\Middleware\\PreventRequestsDuringMaintenance.php(109): Illuminate\\Pipeline\\Pipeline->Illuminate\\Pipeline\\{closure}(Object(Illuminate\\Http\\Request))
#47 C:\\laragon\\www\\Proyek2\\Proyek2-k7\\vendor\\laravel\\framework\\src\\Illuminate\\Pipeline\\Pipeline.php(219): Illuminate\\Foundation\\Http\\Middleware\\PreventRequestsDuringMaintenance->handle(Object(Illuminate\\Http\\Request), Object(Closure))
#48 C:\\laragon\\www\\Proyek2\\Proyek2-k7\\vendor\\laravel\\framework\\src\\Illuminate\\Http\\Middleware\\HandleCors.php(48): Illuminate\\Pipeline\\Pipeline->Illuminate\\Pipeline\\{closure}(Object(Illuminate\\Http\\Request))
#49 C:\\laragon\\www\\Proyek2\\Proyek2-k7\\vendor\\laravel\\framework\\src\\Illuminate\\Pipeline\\Pipeline.php(219): Illuminate\\Http\\Middleware\\HandleCors->handle(Object(Illuminate\\Http\\Request), Object(Closure))
#50 C:\\laragon\\www\\Proyek2\\Proyek2-k7\\vendor\\laravel\\framework\\src\\Illuminate\\Http\\Middleware\\TrustProxies.php(58): Illuminate\\Pipeline\\Pipeline->Illuminate\\Pipeline\\{closure}(Object(Illuminate\\Http\\Request))
#51 C:\\laragon\\www\\Proyek2\\Proyek2-k7\\vendor\\laravel\\framework\\src\\Illuminate\\Pipeline\\Pipeline.php(219): Illuminate\\Http\\Middleware\\TrustProxies->handle(Object(Illuminate\\Http\\Request), Object(Closure))
#52 C:\\laragon\\www\\Proyek2\\Proyek2-k7\\vendor\\laravel\\framework\\src\\Illuminate\\Foundation\\Http\\Middleware\\InvokeDeferredCallbacks.php(22): Illuminate\\Pipeline\\Pipeline->Illuminate\\Pipeline\\{closure}(Object(Illuminate\\Http\\Request))
#53 C:\\laragon\\www\\Proyek2\\Proyek2-k7\\vendor\\laravel\\framework\\src\\Illuminate\\Pipeline\\Pipeline.php(219): Illuminate\\Foundation\\Http\\Middleware\\InvokeDeferredCallbacks->handle(Object(Illuminate\\Http\\Request), Object(Closure))
#54 C:\\laragon\\www\\Proyek2\\Proyek2-k7\\vendor\\laravel\\framework\\src\\Illuminate\\Http\\Middleware\\ValidatePathEncoding.php(26): Illuminate\\Pipeline\\Pipeline->Illuminate\\Pipeline\\{closure}(Object(Illuminate\\Http\\Request))
#55 C:\\laragon\\www\\Proyek2\\Proyek2-k7\\vendor\\laravel\\framework\\src\\Illuminate\\Pipeline\\Pipeline.php(219): Illuminate\\Http\\Middleware\\ValidatePathEncoding->handle(Object(Illuminate\\Http\\Request), Object(Closure))
#56 C:\\laragon\\www\\Proyek2\\Proyek2-k7\\vendor\\laravel\\framework\\src\\Illuminate\\Pipeline\\Pipeline.php(137): Illuminate\\Pipeline\\Pipeline->Illuminate\\Pipeline\\{closure}(Object(Illuminate\\Http\\Request))
#57 C:\\laragon\\www\\Proyek2\\Proyek2-k7\\vendor\\laravel\\framework\\src\\Illuminate\\Foundation\\Http\\Kernel.php(175): Illuminate\\Pipeline\\Pipeline->then(Object(Closure))
#58 C:\\laragon\\www\\Proyek2\\Proyek2-k7\\vendor\\laravel\\framework\\src\\Illuminate\\Foundation\\Http\\Kernel.php(144): Illuminate\\Foundation\\Http\\Kernel->sendRequestThroughRouter(Object(Illuminate\\Http\\Request))
#59 C:\\laragon\\www\\Proyek2\\Proyek2-k7\\vendor\\laravel\\framework\\src\\Illuminate\\Foundation\\Application.php(1220): Illuminate\\Foundation\\Http\\Kernel->handle(Object(Illuminate\\Http\\Request))
#60 C:\\laragon\\www\\Proyek2\\Proyek2-k7\\public\\index.php(20): Illuminate\\Foundation\\Application->handleRequest(Object(Illuminate\\Http\\Request))
#61 C:\\laragon\\www\\Proyek2\\Proyek2-k7\\vendor\\laravel\\framework\\src\\Illuminate\\Foundation\\resources\\server.php(23): require_once('C:\\\\laragon\\\\www\\\\...')
#62 {main}
"} 
[2025-12-03 14:08:27] local.ERROR: Target [App\Services\PaymentGateway\PaymentGateway] is not instantiable while building [App\Http\Controllers\RentalController]. {"exception":"[object] (Illuminate\\Contracts\\Container\\BindingResolutionException(code: 0): Target [App\\Services\\PaymentGateway\\PaymentGateway] is not instantiable while building [App\\Http\\Controllers\\RentalController]. at C:\\laragon\\www\\Proyek2\\Proyek2-k7\\vendor\\laravel\\framework\\src\\Illuminate\\Container\\Container.php:1456)
[stacktrace]
#0 C:\\laragon\\www\\Proyek2\\Proyek2-k7\\vendor\\laravel\\framework\\src\\Illuminate\\Container\\Container.php(1170): Illuminate\\Container\\Container->notInstantiable('App\\\\Services\\\\Pa...')
#1 C:\\laragon\\www\\Proyek2\\Proyek2-k7\\vendor\\laravel\\framework\\src\\Illuminate\\Container\\Container.php(972): Illuminate\\Container\\Container->build('App\\\\Services\\\\Pa...')
#2 C:\\laragon\\www\\Proyek2\\Proyek2-k7\\vendor\\laravel\\framework\\src\\Illuminate\\Foundation\\Application.php(1078): Illuminate\\Container\\Container->resolve('App\\\\Services\\\\Pa...', Array, true)
#3 C:\\laragon\\www\\Proyek2\\Proyek2-k7\\vendor\\laravel\\framework\\src\\Illuminate\\Container\\Container.php(903): Illuminate\\Foundation\\Application->resolve('App\\\\Services\\\\Pa...', Array)
#4 C:\\laragon\\www\\Proyek2\\Proyek2-k7\\vendor\\laravel\\framework\\src\\Illuminate\\Foundation\\Application.php(1058): Illuminate\\Container\\Container->make('App\\\\Services\\\\Pa...', Array)
#5 C:\\laragon\\www\\Proyek2\\Proyek2-k7\\vendor\\laravel\\framework\\src\\Illuminate\\Container\\Container.php(1379): Illuminate\\Foundation\\Application->make('App\\\\Services\\\\Pa...')
#6 C:\\laragon\\www\\Proyek2\\Proyek2-k7\\vendor\\laravel\\framework\\src\\Illuminate\\Container\\Container.php(1278): Illuminate\\Container\\Container->resolveClass(Object(ReflectionParameter))
#7 C:\\laragon\\www\\Proyek2\\Proyek2-k7\\vendor\\laravel\\framework\\src\\Illuminate\\Container\\Container.php(1201): Illuminate\\Container\\Container->resolveDependencies(Array)
#8 C:\\laragon\\www\\Proyek2\\Proyek2-k7\\vendor\\laravel\\framework\\src\\Illuminate\\Container\\Container.php(972): Illuminate\\Container\\Container->build('App\\\\Http\\\\Contro...')
#9 C:\\laragon\\www\\Proyek2\\Proyek2-k7\\vendor\\laravel\\framework\\src\\Illuminate\\Foundation\\Application.php(1078): Illuminate\\Container\\Container->resolve('App\\\\Http\\\\Contro...', Array, true)
#10 C:\\laragon\\www\\Proyek2\\Proyek2-k7\\vendor\\laravel\\framework\\src\\Illuminate\\Container\\Container.php(903): Illuminate\\Foundation\\Application->resolve('App\\\\Http\\\\Contro...', Array)
#11 C:\\laragon\\www\\Proyek2\\Proyek2-k7\\vendor\\laravel\\framework\\src\\Illuminate\\Foundation\\Application.php(1058): Illuminate\\Container\\Container->make('App\\\\Http\\\\Contro...', Array)
#12 C:\\laragon\\www\\Proyek2\\Proyek2-k7\\vendor\\laravel\\framework\\src\\Illuminate\\Routing\\Route.php(286): Illuminate\\Foundation\\Application->make('App\\\\Http\\\\Contro...')
#13 C:\\laragon\\www\\Proyek2\\Proyek2-k7\\vendor\\laravel\\framework\\src\\Illuminate\\Routing\\Route.php(266): Illuminate\\Routing\\Route->getController()
#14 C:\\laragon\\www\\Proyek2\\Proyek2-k7\\vendor\\laravel\\framework\\src\\Illuminate\\Routing\\Route.php(211): Illuminate\\Routing\\Route->runController()
#15 C:\\laragon\\www\\Proyek2\\Proyek2-k7\\vendor\\laravel\\framework\\src\\Illuminate\\Routing\\Router.php(822): Illuminate\\Routing\\Route->run()
#16 C:\\laragon\\www\\Proyek2\\Proyek2-k7\\vendor\\laravel\\framework\\src\\Illuminate\\Pipeline\\Pipeline.php(180): Illuminate\\Routing\\Router->Illuminate\\Routing\\{closure}(Object(Illuminate\\Http\\Request))
#17 C:\\laragon\\www\\Proyek2\\Proyek2-k7\\vendor\\laravel\\framework\\src\\Illuminate\\Routing\\Middleware\\SubstituteBindings.php(50): Illuminate\\Pipeline\\Pipeline->Illuminate\\Pipeline\\{closure}(Object(Illuminate\\Http\\Request))
#18 C:\\laragon\\www\\Proyek2\\Proyek2-k7\\vendor\\laravel\\framework\\src\\Illuminate\\Pipeline\\Pipeline.php(219): Illuminate\\Routing\\Middleware\\SubstituteBindings->handle(Object(Illuminate\\Http\\Request), Object(Closure))
#19 C:\\laragon\\www\\Proyek2\\Proyek2-k7\\vendor\\laravel\\framework\\src\\Illuminate\\Foundation\\Http\\Middleware\\VerifyCsrfToken.php(87): Illuminate\\Pipeline\\Pipeline->Illuminate\\Pipeline\\{closure}(Object(Illuminate\\Http\\Request))
#20 C:\\laragon\\www\\Proyek2\\Proyek2-k7\\vendor\\laravel\\framework\\src\\Illuminate\\Pipeline\\Pipeline.php(219): Illuminate\\Foundation\\Http\\Middleware\\VerifyCsrfToken->handle(Object(Illuminate\\Http\\Request), Object(Closure))
#21 C:\\laragon\\www\\Proyek2\\Proyek2-k7\\vendor\\laravel\\framework\\src\\Illuminate\\View\\Middleware\\ShareErrorsFromSession.php(48): Illuminate\\Pipeline\\Pipeline->Illuminate\\Pipeline\\{closure}(Object(Illuminate\\Http\\Request))
#22 C:\\laragon\\www\\Proyek2\\Proyek2-k7\\vendor\\laravel\\framework\\src\\Illuminate\\Pipeline\\Pipeline.php(219): Illuminate\\View\\Middleware\\ShareErrorsFromSession->handle(Object(Illuminate\\Http\\Request), Object(Closure))
#23 C:\\laragon\\www\\Proyek2\\Proyek2-k7\\vendor\\laravel\\framework\\src\\Illuminate\\Session\\Middleware\\StartSession.php(120): Illuminate\\Pipeline\\Pipeline->Illuminate\\Pipeline\\{closure}(Object(Illuminate\\Http\\Request))
#24 C:\\laragon\\www\\Proyek2\\Proyek2-k7\\vendor\\laravel\\framework\\src\\Illuminate\\Session\\Middleware\\StartSession.php(63): Illuminate\\Session\\Middleware\\StartSession->handleStatefulRequest(Object(Illuminate\\Http\\Request), Object(Illuminate\\Session\\Store), Object(Closure))
#25 C:\\laragon\\www\\Proyek2\\Proyek2-k7\\vendor\\laravel\\framework\\src\\Illuminate\\Pipeline\\Pipeline.php(219): Illuminate\\Session\\Middleware\\StartSession->handle(Object(Illuminate\\Http\\Request), Object(Closure))
#26 C:\\laragon\\www\\Proyek2\\Proyek2-k7\\vendor\\laravel\\framework\\src\\Illuminate\\Cookie\\Middleware\\AddQueuedCookiesToResponse.php(36): Illuminate\\Pipeline\\Pipeline->Illuminate\\Pipeline\\{closure}(Object(Illuminate\\Http\\Request))
#27 C:\\laragon\\www\\Proyek2\\Proyek2-k7\\vendor\\laravel\\framework\\src\\Illuminate\\Pipeline\\Pipeline.php(219): Illuminate\\Cookie\\Middleware\\AddQueuedCookiesToResponse->handle(Object(Illuminate\\Http\\Request), Object(Closure))
#28 C:\\laragon\\www\\Proyek2\\Proyek2-k7\\vendor\\laravel\\framework\\src\\Illuminate\\Cookie\\Middleware\\EncryptCookies.php(74): Illuminate\\Pipeline\\Pipeline->Illuminate\\Pipeline\\{closure}(Object(Illuminate\\Http\\Request))
#29 C:\\laragon\\www\\Proyek2\\Proyek2-k7\\vendor\\laravel\\framework\\src\\Illuminate\\Pipeline\\Pipeline.php(219): Illuminate\\Cookie\\Middleware\\EncryptCookies->handle(Object(Illuminate\\Http\\Request), Object(Closure))
#30 C:\\laragon\\www\\Proyek2\\Proyek2-k7\\vendor\\laravel\\framework\\src\\Illuminate\\Pipeline\\Pipeline.php(137): Illuminate\\Pipeline\\Pipeline->Illuminate\\Pipeline\\{closure}(Object(Illuminate\\Http\\Request))
#31 C:\\laragon\\www\\Proyek2\\Proyek2-k7\\vendor\\laravel\\framework\\src\\Illuminate\\Routing\\Router.php(821): Illuminate\\Pipeline\\Pipeline->then(Object(Closure))
#32 C:\\laragon\\www\\Proyek2\\Proyek2-k7\\vendor\\laravel\\framework\\src\\Illuminate\\Routing\\Router.php(800): Illuminate\\Routing\\Router->runRouteWithinStack(Object(Illuminate\\Routing\\Route), Object(Illuminate\\Http\\Request))
#33 C:\\laragon\\www\\Proyek2\\Proyek2-k7\\vendor\\laravel\\framework\\src\\Illuminate\\Routing\\Router.php(764): Illuminate\\Routing\\Router->runRoute(Object(Illuminate\\Http\\Request), Object(Illuminate\\Routing\\Route))
#34 C:\\laragon\\www\\Proyek2\\Proyek2-k7\\vendor\\laravel\\framework\\src\\Illuminate\\Routing\\Router.php(753): Illuminate\\Routing\\Router->dispatchToRoute(Object(Illuminate\\Http\\Request))
#35 C:\\laragon\\www\\Proyek2\\Proyek2-k7\\vendor\\laravel\\framework\\src\\Illuminate\\Foundation\\Http\\Kernel.php(200): Illuminate\\Routing\\Router->dispatch(Object(Illuminate\\Http\\Request))
#36 C:\\laragon\\www\\Proyek2\\Proyek2-k7\\vendor\\laravel\\framework\\src\\Illuminate\\Pipeline\\Pipeline.php(180): Illuminate\\Foundation\\Http\\Kernel->Illuminate\\Foundation\\Http\\{closure}(Object(Illuminate\\Http\\Request))
#37 C:\\laragon\\www\\Proyek2\\Proyek2-k7\\vendor\\laravel\\framework\\src\\Illuminate\\Foundation\\Http\\Middleware\\TransformsRequest.php(21): Illuminate\\Pipeline\\Pipeline->Illuminate\\Pipeline\\{closure}(Object(Illuminate\\Http\\Request))
#38 C:\\laragon\\www\\Proyek2\\Proyek2-k7\\vendor\\laravel\\framework\\src\\Illuminate\\Foundation\\Http\\Middleware\\ConvertEmptyStringsToNull.php(31): Illuminate\\Foundation\\Http\\Middleware\\TransformsRequest->handle(Object(Illuminate\\Http\\Request), Object(Closure))
#39 C:\\laragon\\www\\Proyek2\\Proyek2-k7\\vendor\\laravel\\framework\\src\\Illuminate\\Pipeline\\Pipeline.php(219): Illuminate\\Foundation\\Http\\Middleware\\ConvertEmptyStringsToNull->handle(Object(Illuminate\\Http\\Request), Object(Closure))
#40 C:\\laragon\\www\\Proyek2\\Proyek2-k7\\vendor\\laravel\\framework\\src\\Illuminate\\Foundation\\Http\\Middleware\\TransformsRequest.php(21): Illuminate\\Pipeline\\Pipeline->Illuminate\\Pipeline\\{closure}(Object(Illuminate\\Http\\Request))
#41 C:\\laragon\\www\\Proyek2\\Proyek2-k7\\vendor\\laravel\\framework\\src\\Illuminate\\Foundation\\Http\\Middleware\\TrimStrings.php(51): Illuminate\\Foundation\\Http\\Middleware\\TransformsRequest->handle(Object(Illuminate\\Http\\Request), Object(Closure))
#42 C:\\laragon\\www\\Proyek2\\Proyek2-k7\\vendor\\laravel\\framework\\src\\Illuminate\\Pipeline\\Pipeline.php(219): Illuminate\\Foundation\\Http\\Middleware\\TrimStrings->handle(Object(Illuminate\\Http\\Request), Object(Closure))
#43 C:\\laragon\\www\\Proyek2\\Proyek2-k7\\vendor\\laravel\\framework\\src\\Illuminate\\Http\\Middleware\\ValidatePostSize.php(27): Illuminate\\Pipeline\\Pipeline->Illuminate\\Pipeline\\{closure}(Object(Illuminate\\Http\\Request))
#44 C:\\laragon\\www\\Proyek2\\Proyek2-k7\\vendor\\laravel\\framework\\src\\Illuminate\\Pipeline\\Pipeline.php(219): Illuminate\\Http\\Middleware\\ValidatePostSize->handle(Object(Illuminate\\Http\\Request), Object(Closure))
#45 C:\\laragon\\www\\Proyek2\\Proyek2-k7\\vendor\\laravel\\framework\\src\\Illuminate\\Foundation\\Http\\Middleware\\PreventRequestsDuringMaintenance.php(109): Illuminate\\Pipeline\\Pipeline->Illuminate\\Pipeline\\{closure}(Object(Illuminate\\Http\\Request))
#46 C:\\laragon\\www\\Proyek2\\Proyek2-k7\\vendor\\laravel\\framework\\src\\Illuminate\\Pipeline\\Pipeline.php(219): Illuminate\\Foundation\\Http\\Middleware\\PreventRequestsDuringMaintenance->handle(Object(Illuminate\\Http\\Request), Object(Closure))
#47 C:\\laragon\\www\\Proyek2\\Proyek2-k7\\vendor\\laravel\\framework\\src\\Illuminate\\Http\\Middleware\\HandleCors.php(48): Illuminate\\Pipeline\\Pipeline->Illuminate\\Pipeline\\{closure}(Object(Illuminate\\Http\\Request))
#48 C:\\laragon\\www\\Proyek2\\Proyek2-k7\\vendor\\laravel\\framework\\src\\Illuminate\\Pipeline\\Pipeline.php(219): Illuminate\\Http\\Middleware\\HandleCors->handle(Object(Illuminate\\Http\\Request), Object(Closure))
#49 C:\\laragon\\www\\Proyek2\\Proyek2-k7\\vendor\\laravel\\framework\\src\\Illuminate\\Http\\Middleware\\TrustProxies.php(58): Illuminate\\Pipeline\\Pipeline->Illuminate\\Pipeline\\{closure}(Object(Illuminate\\Http\\Request))
#50 C:\\laragon\\www\\Proyek2\\Proyek2-k7\\vendor\\laravel\\framework\\src\\Illuminate\\Pipeline\\Pipeline.php(219): Illuminate\\Http\\Middleware\\TrustProxies->handle(Object(Illuminate\\Http\\Request), Object(Closure))
#51 C:\\laragon\\www\\Proyek2\\Proyek2-k7\\vendor\\laravel\\framework\\src\\Illuminate\\Foundation\\Http\\Middleware\\InvokeDeferredCallbacks.php(22): Illuminate\\Pipeline\\Pipeline->Illuminate\\Pipeline\\{closure}(Object(Illuminate\\Http\\Request))
#52 C:\\laragon\\www\\Proyek2\\Proyek2-k7\\vendor\\laravel\\framework\\src\\Illuminate\\Pipeline\\Pipeline.php(219): Illuminate\\Foundation\\Http\\Middleware\\InvokeDeferredCallbacks->handle(Object(Illuminate\\Http\\Request), Object(Closure))
#53 C:\\laragon\\www\\Proyek2\\Proyek2-k7\\vendor\\laravel\\framework\\src\\Illuminate\\Http\\Middleware\\ValidatePathEncoding.php(26): Illuminate\\Pipeline\\Pipeline->Illuminate\\Pipeline\\{closure}(Object(Illuminate\\Http\\Request))
#54 C:\\laragon\\www\\Proyek2\\Proyek2-k7\\vendor\\laravel\\framework\\src\\Illuminate\\Pipeline\\Pipeline.php(219): Illuminate\\Http\\Middleware\\ValidatePathEncoding->handle(Object(Illuminate\\Http\\Request), Object(Closure))
#55 C:\\laragon\\www\\Proyek2\\Proyek2-k7\\vendor\\laravel\\framework\\src\\Illuminate\\Pipeline\\Pipeline.php(137): Illuminate\\Pipeline\\Pipeline->Illuminate\\Pipeline\\{closure}(Object(Illuminate\\Http\\Request))
#56 C:\\laragon\\www\\Proyek2\\Proyek2-k7\\vendor\\laravel\\framework\\src\\Illuminate\\Foundation\\Http\\Kernel.php(175): Illuminate\\Pipeline\\Pipeline->then(Object(Closure))
#57 C:\\laragon\\www\\Proyek2\\Proyek2-k7\\vendor\\laravel\\framework\\src\\Illuminate\\Foundation\\Http\\Kernel.php(144): Illuminate\\Foundation\\Http\\Kernel->sendRequestThroughRouter(Object(Illuminate\\Http\\Request))
#58 C:\\laragon\\www\\Proyek2\\Proyek2-k7\\vendor\\laravel\\framework\\src\\Illuminate\\Foundation\\Application.php(1220): Illuminate\\Foundation\\Http\\Kernel->handle(Object(Illuminate\\Http\\Request))
#59 C:\\laragon\\www\\Proyek2\\Proyek2-k7\\public\\index.php(20): Illuminate\\Foundation\\Application->handleRequest(Object(Illuminate\\Http\\Request))
#60 C:\\laragon\\www\\Proyek2\\Proyek2-k7\\vendor\\laravel\\framework\\src\\Illuminate\\Foundation\\resources\\server.php(23): require_once('C:\\\\laragon\\\\www\\\\...')
#61 {main}
"} 
[2025-12-03 16:04:49] local.ERROR: Class "App\Http\Controllers\Web\Controller" not found {"exception":"[object] (Error(code: 0): Class \"App\\Http\\Controllers\\Web\\Controller\" not found at C:\\laragon\\www\\Proyek2\\Proyek2-k7\\app\\Http\\Controllers\\Web\\HomeController.php:7)
[stacktrace]
#0 C:\\laragon\\www\\Proyek2\\Proyek2-k7\\vendor\\composer\\ClassLoader.php(571): include()
#1 C:\\laragon\\www\\Proyek2\\Proyek2-k7\\vendor\\composer\\ClassLoader.php(428): Composer\\Autoload\\includeFile('C:\\\\laragon\\\\www\\\\...')
#2 [internal function]: Composer\\Autoload\\ClassLoader->loadClass('App\\\\Http\\\\Contro...')
#3 C:\\laragon\\www\\Proyek2\\Proyek2-k7\\vendor\\laravel\\framework\\src\\Illuminate\\Routing\\Route.php(1125): is_a('App\\\\Http\\\\Contro...', 'Illuminate\\\\Rout...', true)
#4 C:\\laragon\\www\\Proyek2\\Proyek2-k7\\vendor\\laravel\\framework\\src\\Illuminate\\Routing\\Route.php(1062): Illuminate\\Routing\\Route->controllerMiddleware()
#5 C:\\laragon\\www\\Proyek2\\Proyek2-k7\\vendor\\laravel\\framework\\src\\Illuminate\\Routing\\Router.php(834): Illuminate\\Routing\\Route->gatherMiddleware()
#6 C:\\laragon\\www\\Proyek2\\Proyek2-k7\\vendor\\laravel\\framework\\src\\Illuminate\\Routing\\Router.php(816): Illuminate\\Routing\\Router->gatherRouteMiddleware(Object(Illuminate\\Routing\\Route))
#7 C:\\laragon\\www\\Proyek2\\Proyek2-k7\\vendor\\laravel\\framework\\src\\Illuminate\\Routing\\Router.php(800): Illuminate\\Routing\\Router->runRouteWithinStack(Object(Illuminate\\Routing\\Route), Object(Illuminate\\Http\\Request))
#8 C:\\laragon\\www\\Proyek2\\Proyek2-k7\\vendor\\laravel\\framework\\src\\Illuminate\\Routing\\Router.php(764): Illuminate\\Routing\\Router->runRoute(Object(Illuminate\\Http\\Request), Object(Illuminate\\Routing\\Route))
#9 C:\\laragon\\www\\Proyek2\\Proyek2-k7\\vendor\\laravel\\framework\\src\\Illuminate\\Routing\\Router.php(753): Illuminate\\Routing\\Router->dispatchToRoute(Object(Illuminate\\Http\\Request))
#10 C:\\laragon\\www\\Proyek2\\Proyek2-k7\\vendor\\laravel\\framework\\src\\Illuminate\\Foundation\\Http\\Kernel.php(200): Illuminate\\Routing\\Router->dispatch(Object(Illuminate\\Http\\Request))
#11 C:\\laragon\\www\\Proyek2\\Proyek2-k7\\vendor\\laravel\\framework\\src\\Illuminate\\Pipeline\\Pipeline.php(180): Illuminate\\Foundation\\Http\\Kernel->Illuminate\\Foundation\\Http\\{closure}(Object(Illuminate\\Http\\Request))
#12 C:\\laragon\\www\\Proyek2\\Proyek2-k7\\vendor\\laravel\\framework\\src\\Illuminate\\Foundation\\Http\\Middleware\\TransformsRequest.php(21): Illuminate\\Pipeline\\Pipeline->Illuminate\\Pipeline\\{closure}(Object(Illuminate\\Http\\Request))
#13 C:\\laragon\\www\\Proyek2\\Proyek2-k7\\vendor\\laravel\\framework\\src\\Illuminate\\Foundation\\Http\\Middleware\\ConvertEmptyStringsToNull.php(31): Illuminate\\Foundation\\Http\\Middleware\\TransformsRequest->handle(Object(Illuminate\\Http\\Request), Object(Closure))
#14 C:\\laragon\\www\\Proyek2\\Proyek2-k7\\vendor\\laravel\\framework\\src\\Illuminate\\Pipeline\\Pipeline.php(219): Illuminate\\Foundation\\Http\\Middleware\\ConvertEmptyStringsToNull->handle(Object(Illuminate\\Http\\Request), Object(Closure))
#15 C:\\laragon\\www\\Proyek2\\Proyek2-k7\\vendor\\laravel\\framework\\src\\Illuminate\\Foundation\\Http\\Middleware\\TransformsRequest.php(21): Illuminate\\Pipeline\\Pipeline->Illuminate\\Pipeline\\{closure}(Object(Illuminate\\Http\\Request))
#16 C:\\laragon\\www\\Proyek2\\Proyek2-k7\\vendor\\laravel\\framework\\src\\Illuminate\\Foundation\\Http\\Middleware\\TrimStrings.php(51): Illuminate\\Foundation\\Http\\Middleware\\TransformsRequest->handle(Object(Illuminate\\Http\\Request), Object(Closure))
#17 C:\\laragon\\www\\Proyek2\\Proyek2-k7\\vendor\\laravel\\framework\\src\\Illuminate\\Pipeline\\Pipeline.php(219): Illuminate\\Foundation\\Http\\Middleware\\TrimStrings->handle(Object(Illuminate\\Http\\Request), Object(Closure))
#18 C:\\laragon\\www\\Proyek2\\Proyek2-k7\\vendor\\laravel\\framework\\src\\Illuminate\\Http\\Middleware\\ValidatePostSize.php(27): Illuminate\\Pipeline\\Pipeline->Illuminate\\Pipeline\\{closure}(Object(Illuminate\\Http\\Request))
#19 C:\\laragon\\www\\Proyek2\\Proyek2-k7\\vendor\\laravel\\framework\\src\\Illuminate\\Pipeline\\Pipeline.php(219): Illuminate\\Http\\Middleware\\ValidatePostSize->handle(Object(Illuminate\\Http\\Request), Object(Closure))
#20 C:\\laragon\\www\\Proyek2\\Proyek2-k7\\vendor\\laravel\\framework\\src\\Illuminate\\Foundation\\Http\\Middleware\\PreventRequestsDuringMaintenance.php(109): Illuminate\\Pipeline\\Pipeline->Illuminate\\Pipeline\\{closure}(Object(Illuminate\\Http\\Request))
#21 C:\\laragon\\www\\Proyek2\\Proyek2-k7\\vendor\\laravel\\framework\\src\\Illuminate\\Pipeline\\Pipeline.php(219): Illuminate\\Foundation\\Http\\Middleware\\PreventRequestsDuringMaintenance->handle(Object(Illuminate\\Http\\Request), Object(Closure))
#22 C:\\laragon\\www\\Proyek2\\Proyek2-k7\\vendor\\laravel\\framework\\src\\Illuminate\\Http\\Middleware\\HandleCors.php(48): Illuminate\\Pipeline\\Pipeline->Illuminate\\Pipeline\\{closure}(Object(Illuminate\\Http\\Request))
#23 C:\\laragon\\www\\Proyek2\\Proyek2-k7\\vendor\\laravel\\framework\\src\\Illuminate\\Pipeline\\Pipeline.php(219): Illuminate\\Http\\Middleware\\HandleCors->handle(Object(Illuminate\\Http\\Request), Object(Closure))
#24 C:\\laragon\\www\\Proyek2\\Proyek2-k7\\vendor\\laravel\\framework\\src\\Illuminate\\Http\\Middleware\\TrustProxies.php(58): Illuminate\\Pipeline\\Pipeline->Illuminate\\Pipeline\\{closure}(Object(Illuminate\\Http\\Request))
#25 C:\\laragon\\www\\Proyek2\\Proyek2-k7\\vendor\\laravel\\framework\\src\\Illuminate\\Pipeline\\Pipeline.php(219): Illuminate\\Http\\Middleware\\TrustProxies->handle(Object(Illuminate\\Http\\Request), Object(Closure))
#26 C:\\laragon\\www\\Proyek2\\Proyek2-k7\\vendor\\laravel\\framework\\src\\Illuminate\\Foundation\\Http\\Middleware\\InvokeDeferredCallbacks.php(22): Illuminate\\Pipeline\\Pipeline->Illuminate\\Pipeline\\{closure}(Object(Illuminate\\Http\\Request))
#27 C:\\laragon\\www\\Proyek2\\Proyek2-k7\\vendor\\laravel\\framework\\src\\Illuminate\\Pipeline\\Pipeline.php(219): Illuminate\\Foundation\\Http\\Middleware\\InvokeDeferredCallbacks->handle(Object(Illuminate\\Http\\Request), Object(Closure))
#28 C:\\laragon\\www\\Proyek2\\Proyek2-k7\\vendor\\laravel\\framework\\src\\Illuminate\\Http\\Middleware\\ValidatePathEncoding.php(26): Illuminate\\Pipeline\\Pipeline->Illuminate\\Pipeline\\{closure}(Object(Illuminate\\Http\\Request))
#29 C:\\laragon\\www\\Proyek2\\Proyek2-k7\\vendor\\laravel\\framework\\src\\Illuminate\\Pipeline\\Pipeline.php(219): Illuminate\\Http\\Middleware\\ValidatePathEncoding->handle(Object(Illuminate\\Http\\Request), Object(Closure))
#30 C:\\laragon\\www\\Proyek2\\Proyek2-k7\\vendor\\laravel\\framework\\src\\Illuminate\\Pipeline\\Pipeline.php(137): Illuminate\\Pipeline\\Pipeline->Illuminate\\Pipeline\\{closure}(Object(Illuminate\\Http\\Request))
#31 C:\\laragon\\www\\Proyek2\\Proyek2-k7\\vendor\\laravel\\framework\\src\\Illuminate\\Foundation\\Http\\Kernel.php(175): Illuminate\\Pipeline\\Pipeline->then(Object(Closure))
#32 C:\\laragon\\www\\Proyek2\\Proyek2-k7\\vendor\\laravel\\framework\\src\\Illuminate\\Foundation\\Http\\Kernel.php(144): Illuminate\\Foundation\\Http\\Kernel->sendRequestThroughRouter(Object(Illuminate\\Http\\Request))
#33 C:\\laragon\\www\\Proyek2\\Proyek2-k7\\vendor\\laravel\\framework\\src\\Illuminate\\Foundation\\Application.php(1220): Illuminate\\Foundation\\Http\\Kernel->handle(Object(Illuminate\\Http\\Request))
#34 C:\\laragon\\www\\Proyek2\\Proyek2-k7\\public\\index.php(20): Illuminate\\Foundation\\Application->handleRequest(Object(Illuminate\\Http\\Request))
#35 C:\\laragon\\www\\Proyek2\\Proyek2-k7\\vendor\\laravel\\framework\\src\\Illuminate\\Foundation\\resources\\server.php(23): require_once('C:\\\\laragon\\\\www\\\\...')
#36 {main}
"} 
[2025-12-03 16:04:58] local.ERROR: Class "App\Http\Controllers\Web\Controller" not found {"exception":"[object] (Error(code: 0): Class \"App\\Http\\Controllers\\Web\\Controller\" not found at C:\\laragon\\www\\Proyek2\\Proyek2-k7\\app\\Http\\Controllers\\Web\\HomeController.php:7)
[stacktrace]
#0 C:\\laragon\\www\\Proyek2\\Proyek2-k7\\vendor\\composer\\ClassLoader.php(571): include()
#1 C:\\laragon\\www\\Proyek2\\Proyek2-k7\\vendor\\composer\\ClassLoader.php(428): Composer\\Autoload\\includeFile('C:\\\\laragon\\\\www\\\\...')
#2 [internal function]: Composer\\Autoload\\ClassLoader->loadClass('App\\\\Http\\\\Contro...')
#3 C:\\laragon\\www\\Proyek2\\Proyek2-k7\\vendor\\laravel\\framework\\src\\Illuminate\\Routing\\Route.php(1125): is_a('App\\\\Http\\\\Contro...', 'Illuminate\\\\Rout...', true)
#4 C:\\laragon\\www\\Proyek2\\Proyek2-k7\\vendor\\laravel\\framework\\src\\Illuminate\\Routing\\Route.php(1062): Illuminate\\Routing\\Route->controllerMiddleware()
#5 C:\\laragon\\www\\Proyek2\\Proyek2-k7\\vendor\\laravel\\framework\\src\\Illuminate\\Routing\\Router.php(834): Illuminate\\Routing\\Route->gatherMiddleware()
#6 C:\\laragon\\www\\Proyek2\\Proyek2-k7\\vendor\\laravel\\framework\\src\\Illuminate\\Routing\\Router.php(816): Illuminate\\Routing\\Router->gatherRouteMiddleware(Object(Illuminate\\Routing\\Route))
#7 C:\\laragon\\www\\Proyek2\\Proyek2-k7\\vendor\\laravel\\framework\\src\\Illuminate\\Routing\\Router.php(800): Illuminate\\Routing\\Router->runRouteWithinStack(Object(Illuminate\\Routing\\Route), Object(Illuminate\\Http\\Request))
#8 C:\\laragon\\www\\Proyek2\\Proyek2-k7\\vendor\\laravel\\framework\\src\\Illuminate\\Routing\\Router.php(764): Illuminate\\Routing\\Router->runRoute(Object(Illuminate\\Http\\Request), Object(Illuminate\\Routing\\Route))
#9 C:\\laragon\\www\\Proyek2\\Proyek2-k7\\vendor\\laravel\\framework\\src\\Illuminate\\Routing\\Router.php(753): Illuminate\\Routing\\Router->dispatchToRoute(Object(Illuminate\\Http\\Request))
#10 C:\\laragon\\www\\Proyek2\\Proyek2-k7\\vendor\\laravel\\framework\\src\\Illuminate\\Foundation\\Http\\Kernel.php(200): Illuminate\\Routing\\Router->dispatch(Object(Illuminate\\Http\\Request))
#11 C:\\laragon\\www\\Proyek2\\Proyek2-k7\\vendor\\laravel\\framework\\src\\Illuminate\\Pipeline\\Pipeline.php(180): Illuminate\\Foundation\\Http\\Kernel->Illuminate\\Foundation\\Http\\{closure}(Object(Illuminate\\Http\\Request))
#12 C:\\laragon\\www\\Proyek2\\Proyek2-k7\\vendor\\laravel\\framework\\src\\Illuminate\\Foundation\\Http\\Middleware\\TransformsRequest.php(21): Illuminate\\Pipeline\\Pipeline->Illuminate\\Pipeline\\{closure}(Object(Illuminate\\Http\\Request))
#13 C:\\laragon\\www\\Proyek2\\Proyek2-k7\\vendor\\laravel\\framework\\src\\Illuminate\\Foundation\\Http\\Middleware\\ConvertEmptyStringsToNull.php(31): Illuminate\\Foundation\\Http\\Middleware\\TransformsRequest->handle(Object(Illuminate\\Http\\Request), Object(Closure))
#14 C:\\laragon\\www\\Proyek2\\Proyek2-k7\\vendor\\laravel\\framework\\src\\Illuminate\\Pipeline\\Pipeline.php(219): Illuminate\\Foundation\\Http\\Middleware\\ConvertEmptyStringsToNull->handle(Object(Illuminate\\Http\\Request), Object(Closure))
#15 C:\\laragon\\www\\Proyek2\\Proyek2-k7\\vendor\\laravel\\framework\\src\\Illuminate\\Foundation\\Http\\Middleware\\TransformsRequest.php(21): Illuminate\\Pipeline\\Pipeline->Illuminate\\Pipeline\\{closure}(Object(Illuminate\\Http\\Request))
#16 C:\\laragon\\www\\Proyek2\\Proyek2-k7\\vendor\\laravel\\framework\\src\\Illuminate\\Foundation\\Http\\Middleware\\TrimStrings.php(51): Illuminate\\Foundation\\Http\\Middleware\\TransformsRequest->handle(Object(Illuminate\\Http\\Request), Object(Closure))
#17 C:\\laragon\\www\\Proyek2\\Proyek2-k7\\vendor\\laravel\\framework\\src\\Illuminate\\Pipeline\\Pipeline.php(219): Illuminate\\Foundation\\Http\\Middleware\\TrimStrings->handle(Object(Illuminate\\Http\\Request), Object(Closure))
#18 C:\\laragon\\www\\Proyek2\\Proyek2-k7\\vendor\\laravel\\framework\\src\\Illuminate\\Http\\Middleware\\ValidatePostSize.php(27): Illuminate\\Pipeline\\Pipeline->Illuminate\\Pipeline\\{closure}(Object(Illuminate\\Http\\Request))
#19 C:\\laragon\\www\\Proyek2\\Proyek2-k7\\vendor\\laravel\\framework\\src\\Illuminate\\Pipeline\\Pipeline.php(219): Illuminate\\Http\\Middleware\\ValidatePostSize->handle(Object(Illuminate\\Http\\Request), Object(Closure))
#20 C:\\laragon\\www\\Proyek2\\Proyek2-k7\\vendor\\laravel\\framework\\src\\Illuminate\\Foundation\\Http\\Middleware\\PreventRequestsDuringMaintenance.php(109): Illuminate\\Pipeline\\Pipeline->Illuminate\\Pipeline\\{closure}(Object(Illuminate\\Http\\Request))
#21 C:\\laragon\\www\\Proyek2\\Proyek2-k7\\vendor\\laravel\\framework\\src\\Illuminate\\Pipeline\\Pipeline.php(219): Illuminate\\Foundation\\Http\\Middleware\\PreventRequestsDuringMaintenance->handle(Object(Illuminate\\Http\\Request), Object(Closure))
#22 C:\\laragon\\www\\Proyek2\\Proyek2-k7\\vendor\\laravel\\framework\\src\\Illuminate\\Http\\Middleware\\HandleCors.php(48): Illuminate\\Pipeline\\Pipeline->Illuminate\\Pipeline\\{closure}(Object(Illuminate\\Http\\Request))
#23 C:\\laragon\\www\\Proyek2\\Proyek2-k7\\vendor\\laravel\\framework\\src\\Illuminate\\Pipeline\\Pipeline.php(219): Illuminate\\Http\\Middleware\\HandleCors->handle(Object(Illuminate\\Http\\Request), Object(Closure))
#24 C:\\laragon\\www\\Proyek2\\Proyek2-k7\\vendor\\laravel\\framework\\src\\Illuminate\\Http\\Middleware\\TrustProxies.php(58): Illuminate\\Pipeline\\Pipeline->Illuminate\\Pipeline\\{closure}(Object(Illuminate\\Http\\Request))
#25 C:\\laragon\\www\\Proyek2\\Proyek2-k7\\vendor\\laravel\\framework\\src\\Illuminate\\Pipeline\\Pipeline.php(219): Illuminate\\Http\\Middleware\\TrustProxies->handle(Object(Illuminate\\Http\\Request), Object(Closure))
#26 C:\\laragon\\www\\Proyek2\\Proyek2-k7\\vendor\\laravel\\framework\\src\\Illuminate\\Foundation\\Http\\Middleware\\InvokeDeferredCallbacks.php(22): Illuminate\\Pipeline\\Pipeline->Illuminate\\Pipeline\\{closure}(Object(Illuminate\\Http\\Request))
#27 C:\\laragon\\www\\Proyek2\\Proyek2-k7\\vendor\\laravel\\framework\\src\\Illuminate\\Pipeline\\Pipeline.php(219): Illuminate\\Foundation\\Http\\Middleware\\InvokeDeferredCallbacks->handle(Object(Illuminate\\Http\\Request), Object(Closure))
#28 C:\\laragon\\www\\Proyek2\\Proyek2-k7\\vendor\\laravel\\framework\\src\\Illuminate\\Http\\Middleware\\ValidatePathEncoding.php(26): Illuminate\\Pipeline\\Pipeline->Illuminate\\Pipeline\\{closure}(Object(Illuminate\\Http\\Request))
#29 C:\\laragon\\www\\Proyek2\\Proyek2-k7\\vendor\\laravel\\framework\\src\\Illuminate\\Pipeline\\Pipeline.php(219): Illuminate\\Http\\Middleware\\ValidatePathEncoding->handle(Object(Illuminate\\Http\\Request), Object(Closure))
#30 C:\\laragon\\www\\Proyek2\\Proyek2-k7\\vendor\\laravel\\framework\\src\\Illuminate\\Pipeline\\Pipeline.php(137): Illuminate\\Pipeline\\Pipeline->Illuminate\\Pipeline\\{closure}(Object(Illuminate\\Http\\Request))
#31 C:\\laragon\\www\\Proyek2\\Proyek2-k7\\vendor\\laravel\\framework\\src\\Illuminate\\Foundation\\Http\\Kernel.php(175): Illuminate\\Pipeline\\Pipeline->then(Object(Closure))
#32 C:\\laragon\\www\\Proyek2\\Proyek2-k7\\vendor\\laravel\\framework\\src\\Illuminate\\Foundation\\Http\\Kernel.php(144): Illuminate\\Foundation\\Http\\Kernel->sendRequestThroughRouter(Object(Illuminate\\Http\\Request))
#33 C:\\laragon\\www\\Proyek2\\Proyek2-k7\\vendor\\laravel\\framework\\src\\Illuminate\\Foundation\\Application.php(1220): Illuminate\\Foundation\\Http\\Kernel->handle(Object(Illuminate\\Http\\Request))
#34 C:\\laragon\\www\\Proyek2\\Proyek2-k7\\public\\index.php(20): Illuminate\\Foundation\\Application->handleRequest(Object(Illuminate\\Http\\Request))
#35 C:\\laragon\\www\\Proyek2\\Proyek2-k7\\vendor\\laravel\\framework\\src\\Illuminate\\Foundation\\resources\\server.php(23): require_once('C:\\\\laragon\\\\www\\\\...')
#36 {main}
"} 
[2025-12-03 16:06:50] local.ERROR: Class "App\Http\Controllers\Web\Controller" not found {"exception":"[object] (Error(code: 0): Class \"App\\Http\\Controllers\\Web\\Controller\" not found at C:\\laragon\\www\\Proyek2\\Proyek2-k7\\app\\Http\\Controllers\\Web\\HomeController.php:7)
[stacktrace]
#0 C:\\laragon\\www\\Proyek2\\Proyek2-k7\\vendor\\composer\\ClassLoader.php(571): include()
#1 C:\\laragon\\www\\Proyek2\\Proyek2-k7\\vendor\\composer\\ClassLoader.php(428): Composer\\Autoload\\includeFile('C:\\\\laragon\\\\www\\\\...')
#2 [internal function]: Composer\\Autoload\\ClassLoader->loadClass('App\\\\Http\\\\Contro...')
#3 C:\\laragon\\www\\Proyek2\\Proyek2-k7\\vendor\\laravel\\framework\\src\\Illuminate\\Routing\\Route.php(1125): is_a('App\\\\Http\\\\Contro...', 'Illuminate\\\\Rout...', true)
#4 C:\\laragon\\www\\Proyek2\\Proyek2-k7\\vendor\\laravel\\framework\\src\\Illuminate\\Routing\\Route.php(1062): Illuminate\\Routing\\Route->controllerMiddleware()
#5 C:\\laragon\\www\\Proyek2\\Proyek2-k7\\vendor\\laravel\\framework\\src\\Illuminate\\Routing\\Router.php(834): Illuminate\\Routing\\Route->gatherMiddleware()
#6 C:\\laragon\\www\\Proyek2\\Proyek2-k7\\vendor\\laravel\\framework\\src\\Illuminate\\Routing\\Router.php(816): Illuminate\\Routing\\Router->gatherRouteMiddleware(Object(Illuminate\\Routing\\Route))
#7 C:\\laragon\\www\\Proyek2\\Proyek2-k7\\vendor\\laravel\\framework\\src\\Illuminate\\Routing\\Router.php(800): Illuminate\\Routing\\Router->runRouteWithinStack(Object(Illuminate\\Routing\\Route), Object(Illuminate\\Http\\Request))
#8 C:\\laragon\\www\\Proyek2\\Proyek2-k7\\vendor\\laravel\\framework\\src\\Illuminate\\Routing\\Router.php(764): Illuminate\\Routing\\Router->runRoute(Object(Illuminate\\Http\\Request), Object(Illuminate\\Routing\\Route))
#9 C:\\laragon\\www\\Proyek2\\Proyek2-k7\\vendor\\laravel\\framework\\src\\Illuminate\\Routing\\Router.php(753): Illuminate\\Routing\\Router->dispatchToRoute(Object(Illuminate\\Http\\Request))
#10 C:\\laragon\\www\\Proyek2\\Proyek2-k7\\vendor\\laravel\\framework\\src\\Illuminate\\Foundation\\Http\\Kernel.php(200): Illuminate\\Routing\\Router->dispatch(Object(Illuminate\\Http\\Request))
#11 C:\\laragon\\www\\Proyek2\\Proyek2-k7\\vendor\\laravel\\framework\\src\\Illuminate\\Pipeline\\Pipeline.php(180): Illuminate\\Foundation\\Http\\Kernel->Illuminate\\Foundation\\Http\\{closure}(Object(Illuminate\\Http\\Request))
#12 C:\\laragon\\www\\Proyek2\\Proyek2-k7\\vendor\\laravel\\framework\\src\\Illuminate\\Foundation\\Http\\Middleware\\TransformsRequest.php(21): Illuminate\\Pipeline\\Pipeline->Illuminate\\Pipeline\\{closure}(Object(Illuminate\\Http\\Request))
#13 C:\\laragon\\www\\Proyek2\\Proyek2-k7\\vendor\\laravel\\framework\\src\\Illuminate\\Foundation\\Http\\Middleware\\ConvertEmptyStringsToNull.php(31): Illuminate\\Foundation\\Http\\Middleware\\TransformsRequest->handle(Object(Illuminate\\Http\\Request), Object(Closure))
#14 C:\\laragon\\www\\Proyek2\\Proyek2-k7\\vendor\\laravel\\framework\\src\\Illuminate\\Pipeline\\Pipeline.php(219): Illuminate\\Foundation\\Http\\Middleware\\ConvertEmptyStringsToNull->handle(Object(Illuminate\\Http\\Request), Object(Closure))
#15 C:\\laragon\\www\\Proyek2\\Proyek2-k7\\vendor\\laravel\\framework\\src\\Illuminate\\Foundation\\Http\\Middleware\\TransformsRequest.php(21): Illuminate\\Pipeline\\Pipeline->Illuminate\\Pipeline\\{closure}(Object(Illuminate\\Http\\Request))
#16 C:\\laragon\\www\\Proyek2\\Proyek2-k7\\vendor\\laravel\\framework\\src\\Illuminate\\Foundation\\Http\\Middleware\\TrimStrings.php(51): Illuminate\\Foundation\\Http\\Middleware\\TransformsRequest->handle(Object(Illuminate\\Http\\Request), Object(Closure))
#17 C:\\laragon\\www\\Proyek2\\Proyek2-k7\\vendor\\laravel\\framework\\src\\Illuminate\\Pipeline\\Pipeline.php(219): Illuminate\\Foundation\\Http\\Middleware\\TrimStrings->handle(Object(Illuminate\\Http\\Request), Object(Closure))
#18 C:\\laragon\\www\\Proyek2\\Proyek2-k7\\vendor\\laravel\\framework\\src\\Illuminate\\Http\\Middleware\\ValidatePostSize.php(27): Illuminate\\Pipeline\\Pipeline->Illuminate\\Pipeline\\{closure}(Object(Illuminate\\Http\\Request))
#19 C:\\laragon\\www\\Proyek2\\Proyek2-k7\\vendor\\laravel\\framework\\src\\Illuminate\\Pipeline\\Pipeline.php(219): Illuminate\\Http\\Middleware\\ValidatePostSize->handle(Object(Illuminate\\Http\\Request), Object(Closure))
#20 C:\\laragon\\www\\Proyek2\\Proyek2-k7\\vendor\\laravel\\framework\\src\\Illuminate\\Foundation\\Http\\Middleware\\PreventRequestsDuringMaintenance.php(109): Illuminate\\Pipeline\\Pipeline->Illuminate\\Pipeline\\{closure}(Object(Illuminate\\Http\\Request))
#21 C:\\laragon\\www\\Proyek2\\Proyek2-k7\\vendor\\laravel\\framework\\src\\Illuminate\\Pipeline\\Pipeline.php(219): Illuminate\\Foundation\\Http\\Middleware\\PreventRequestsDuringMaintenance->handle(Object(Illuminate\\Http\\Request), Object(Closure))
#22 C:\\laragon\\www\\Proyek2\\Proyek2-k7\\vendor\\laravel\\framework\\src\\Illuminate\\Http\\Middleware\\HandleCors.php(48): Illuminate\\Pipeline\\Pipeline->Illuminate\\Pipeline\\{closure}(Object(Illuminate\\Http\\Request))
#23 C:\\laragon\\www\\Proyek2\\Proyek2-k7\\vendor\\laravel\\framework\\src\\Illuminate\\Pipeline\\Pipeline.php(219): Illuminate\\Http\\Middleware\\HandleCors->handle(Object(Illuminate\\Http\\Request), Object(Closure))
#24 C:\\laragon\\www\\Proyek2\\Proyek2-k7\\vendor\\laravel\\framework\\src\\Illuminate\\Http\\Middleware\\TrustProxies.php(58): Illuminate\\Pipeline\\Pipeline->Illuminate\\Pipeline\\{closure}(Object(Illuminate\\Http\\Request))
#25 C:\\laragon\\www\\Proyek2\\Proyek2-k7\\vendor\\laravel\\framework\\src\\Illuminate\\Pipeline\\Pipeline.php(219): Illuminate\\Http\\Middleware\\TrustProxies->handle(Object(Illuminate\\Http\\Request), Object(Closure))
#26 C:\\laragon\\www\\Proyek2\\Proyek2-k7\\vendor\\laravel\\framework\\src\\Illuminate\\Foundation\\Http\\Middleware\\InvokeDeferredCallbacks.php(22): Illuminate\\Pipeline\\Pipeline->Illuminate\\Pipeline\\{closure}(Object(Illuminate\\Http\\Request))
#27 C:\\laragon\\www\\Proyek2\\Proyek2-k7\\vendor\\laravel\\framework\\src\\Illuminate\\Pipeline\\Pipeline.php(219): Illuminate\\Foundation\\Http\\Middleware\\InvokeDeferredCallbacks->handle(Object(Illuminate\\Http\\Request), Object(Closure))
#28 C:\\laragon\\www\\Proyek2\\Proyek2-k7\\vendor\\laravel\\framework\\src\\Illuminate\\Http\\Middleware\\ValidatePathEncoding.php(26): Illuminate\\Pipeline\\Pipeline->Illuminate\\Pipeline\\{closure}(Object(Illuminate\\Http\\Request))
#29 C:\\laragon\\www\\Proyek2\\Proyek2-k7\\vendor\\laravel\\framework\\src\\Illuminate\\Pipeline\\Pipeline.php(219): Illuminate\\Http\\Middleware\\ValidatePathEncoding->handle(Object(Illuminate\\Http\\Request), Object(Closure))
#30 C:\\laragon\\www\\Proyek2\\Proyek2-k7\\vendor\\laravel\\framework\\src\\Illuminate\\Pipeline\\Pipeline.php(137): Illuminate\\Pipeline\\Pipeline->Illuminate\\Pipeline\\{closure}(Object(Illuminate\\Http\\Request))
#31 C:\\laragon\\www\\Proyek2\\Proyek2-k7\\vendor\\laravel\\framework\\src\\Illuminate\\Foundation\\Http\\Kernel.php(175): Illuminate\\Pipeline\\Pipeline->then(Object(Closure))
#32 C:\\laragon\\www\\Proyek2\\Proyek2-k7\\vendor\\laravel\\framework\\src\\Illuminate\\Foundation\\Http\\Kernel.php(144): Illuminate\\Foundation\\Http\\Kernel->sendRequestThroughRouter(Object(Illuminate\\Http\\Request))
#33 C:\\laragon\\www\\Proyek2\\Proyek2-k7\\vendor\\laravel\\framework\\src\\Illuminate\\Foundation\\Application.php(1220): Illuminate\\Foundation\\Http\\Kernel->handle(Object(Illuminate\\Http\\Request))
#34 C:\\laragon\\www\\Proyek2\\Proyek2-k7\\public\\index.php(20): Illuminate\\Foundation\\Application->handleRequest(Object(Illuminate\\Http\\Request))
#35 C:\\laragon\\www\\Proyek2\\Proyek2-k7\\vendor\\laravel\\framework\\src\\Illuminate\\Foundation\\resources\\server.php(23): require_once('C:\\\\laragon\\\\www\\\\...')
#36 {main}
"} 
[2025-12-03 16:09:46] local.ERROR: Class "App\Http\Controllers\Web\Controller" not found {"exception":"[object] (Error(code: 0): Class \"App\\Http\\Controllers\\Web\\Controller\" not found at C:\\laragon\\www\\Proyek2\\Proyek2-k7\\app\\Http\\Controllers\\Web\\GameController.php:11)
[stacktrace]
#0 C:\\laragon\\www\\Proyek2\\Proyek2-k7\\vendor\\composer\\ClassLoader.php(571): include()
#1 C:\\laragon\\www\\Proyek2\\Proyek2-k7\\vendor\\composer\\ClassLoader.php(428): Composer\\Autoload\\includeFile('C:\\\\laragon\\\\www\\\\...')
#2 [internal function]: Composer\\Autoload\\ClassLoader->loadClass('App\\\\Http\\\\Contro...')
#3 C:\\laragon\\www\\Proyek2\\Proyek2-k7\\vendor\\laravel\\framework\\src\\Illuminate\\Routing\\Route.php(1125): is_a('App\\\\Http\\\\Contro...', 'Illuminate\\\\Rout...', true)
#4 C:\\laragon\\www\\Proyek2\\Proyek2-k7\\vendor\\laravel\\framework\\src\\Illuminate\\Routing\\Route.php(1062): Illuminate\\Routing\\Route->controllerMiddleware()
#5 C:\\laragon\\www\\Proyek2\\Proyek2-k7\\vendor\\laravel\\framework\\src\\Illuminate\\Routing\\Router.php(834): Illuminate\\Routing\\Route->gatherMiddleware()
#6 C:\\laragon\\www\\Proyek2\\Proyek2-k7\\vendor\\laravel\\framework\\src\\Illuminate\\Routing\\Router.php(816): Illuminate\\Routing\\Router->gatherRouteMiddleware(Object(Illuminate\\Routing\\Route))
#7 C:\\laragon\\www\\Proyek2\\Proyek2-k7\\vendor\\laravel\\framework\\src\\Illuminate\\Routing\\Router.php(800): Illuminate\\Routing\\Router->runRouteWithinStack(Object(Illuminate\\Routing\\Route), Object(Illuminate\\Http\\Request))
#8 C:\\laragon\\www\\Proyek2\\Proyek2-k7\\vendor\\laravel\\framework\\src\\Illuminate\\Routing\\Router.php(764): Illuminate\\Routing\\Router->runRoute(Object(Illuminate\\Http\\Request), Object(Illuminate\\Routing\\Route))
#9 C:\\laragon\\www\\Proyek2\\Proyek2-k7\\vendor\\laravel\\framework\\src\\Illuminate\\Routing\\Router.php(753): Illuminate\\Routing\\Router->dispatchToRoute(Object(Illuminate\\Http\\Request))
#10 C:\\laragon\\www\\Proyek2\\Proyek2-k7\\vendor\\laravel\\framework\\src\\Illuminate\\Foundation\\Http\\Kernel.php(200): Illuminate\\Routing\\Router->dispatch(Object(Illuminate\\Http\\Request))
#11 C:\\laragon\\www\\Proyek2\\Proyek2-k7\\vendor\\laravel\\framework\\src\\Illuminate\\Pipeline\\Pipeline.php(180): Illuminate\\Foundation\\Http\\Kernel->Illuminate\\Foundation\\Http\\{closure}(Object(Illuminate\\Http\\Request))
#12 C:\\laragon\\www\\Proyek2\\Proyek2-k7\\vendor\\laravel\\framework\\src\\Illuminate\\Foundation\\Http\\Middleware\\TransformsRequest.php(21): Illuminate\\Pipeline\\Pipeline->Illuminate\\Pipeline\\{closure}(Object(Illuminate\\Http\\Request))
#13 C:\\laragon\\www\\Proyek2\\Proyek2-k7\\vendor\\laravel\\framework\\src\\Illuminate\\Foundation\\Http\\Middleware\\ConvertEmptyStringsToNull.php(31): Illuminate\\Foundation\\Http\\Middleware\\TransformsRequest->handle(Object(Illuminate\\Http\\Request), Object(Closure))
#14 C:\\laragon\\www\\Proyek2\\Proyek2-k7\\vendor\\laravel\\framework\\src\\Illuminate\\Pipeline\\Pipeline.php(219): Illuminate\\Foundation\\Http\\Middleware\\ConvertEmptyStringsToNull->handle(Object(Illuminate\\Http\\Request), Object(Closure))
#15 C:\\laragon\\www\\Proyek2\\Proyek2-k7\\vendor\\laravel\\framework\\src\\Illuminate\\Foundation\\Http\\Middleware\\TransformsRequest.php(21): Illuminate\\Pipeline\\Pipeline->Illuminate\\Pipeline\\{closure}(Object(Illuminate\\Http\\Request))
#16 C:\\laragon\\www\\Proyek2\\Proyek2-k7\\vendor\\laravel\\framework\\src\\Illuminate\\Foundation\\Http\\Middleware\\TrimStrings.php(51): Illuminate\\Foundation\\Http\\Middleware\\TransformsRequest->handle(Object(Illuminate\\Http\\Request), Object(Closure))
#17 C:\\laragon\\www\\Proyek2\\Proyek2-k7\\vendor\\laravel\\framework\\src\\Illuminate\\Pipeline\\Pipeline.php(219): Illuminate\\Foundation\\Http\\Middleware\\TrimStrings->handle(Object(Illuminate\\Http\\Request), Object(Closure))
#18 C:\\laragon\\www\\Proyek2\\Proyek2-k7\\vendor\\laravel\\framework\\src\\Illuminate\\Http\\Middleware\\ValidatePostSize.php(27): Illuminate\\Pipeline\\Pipeline->Illuminate\\Pipeline\\{closure}(Object(Illuminate\\Http\\Request))
#19 C:\\laragon\\www\\Proyek2\\Proyek2-k7\\vendor\\laravel\\framework\\src\\Illuminate\\Pipeline\\Pipeline.php(219): Illuminate\\Http\\Middleware\\ValidatePostSize->handle(Object(Illuminate\\Http\\Request), Object(Closure))
#20 C:\\laragon\\www\\Proyek2\\Proyek2-k7\\vendor\\laravel\\framework\\src\\Illuminate\\Foundation\\Http\\Middleware\\PreventRequestsDuringMaintenance.php(109): Illuminate\\Pipeline\\Pipeline->Illuminate\\Pipeline\\{closure}(Object(Illuminate\\Http\\Request))
#21 C:\\laragon\\www\\Proyek2\\Proyek2-k7\\vendor\\laravel\\framework\\src\\Illuminate\\Pipeline\\Pipeline.php(219): Illuminate\\Foundation\\Http\\Middleware\\PreventRequestsDuringMaintenance->handle(Object(Illuminate\\Http\\Request), Object(Closure))
#22 C:\\laragon\\www\\Proyek2\\Proyek2-k7\\vendor\\laravel\\framework\\src\\Illuminate\\Http\\Middleware\\HandleCors.php(48): Illuminate\\Pipeline\\Pipeline->Illuminate\\Pipeline\\{closure}(Object(Illuminate\\Http\\Request))
#23 C:\\laragon\\www\\Proyek2\\Proyek2-k7\\vendor\\laravel\\framework\\src\\Illuminate\\Pipeline\\Pipeline.php(219): Illuminate\\Http\\Middleware\\HandleCors->handle(Object(Illuminate\\Http\\Request), Object(Closure))
#24 C:\\laragon\\www\\Proyek2\\Proyek2-k7\\vendor\\laravel\\framework\\src\\Illuminate\\Http\\Middleware\\TrustProxies.php(58): Illuminate\\Pipeline\\Pipeline->Illuminate\\Pipeline\\{closure}(Object(Illuminate\\Http\\Request))
#25 C:\\laragon\\www\\Proyek2\\Proyek2-k7\\vendor\\laravel\\framework\\src\\Illuminate\\Pipeline\\Pipeline.php(219): Illuminate\\Http\\Middleware\\TrustProxies->handle(Object(Illuminate\\Http\\Request), Object(Closure))
#26 C:\\laragon\\www\\Proyek2\\Proyek2-k7\\vendor\\laravel\\framework\\src\\Illuminate\\Foundation\\Http\\Middleware\\InvokeDeferredCallbacks.php(22): Illuminate\\Pipeline\\Pipeline->Illuminate\\Pipeline\\{closure}(Object(Illuminate\\Http\\Request))
#27 C:\\laragon\\www\\Proyek2\\Proyek2-k7\\vendor\\laravel\\framework\\src\\Illuminate\\Pipeline\\Pipeline.php(219): Illuminate\\Foundation\\Http\\Middleware\\InvokeDeferredCallbacks->handle(Object(Illuminate\\Http\\Request), Object(Closure))
#28 C:\\laragon\\www\\Proyek2\\Proyek2-k7\\vendor\\laravel\\framework\\src\\Illuminate\\Http\\Middleware\\ValidatePathEncoding.php(26): Illuminate\\Pipeline\\Pipeline->Illuminate\\Pipeline\\{closure}(Object(Illuminate\\Http\\Request))
#29 C:\\laragon\\www\\Proyek2\\Proyek2-k7\\vendor\\laravel\\framework\\src\\Illuminate\\Pipeline\\Pipeline.php(219): Illuminate\\Http\\Middleware\\ValidatePathEncoding->handle(Object(Illuminate\\Http\\Request), Object(Closure))
#30 C:\\laragon\\www\\Proyek2\\Proyek2-k7\\vendor\\laravel\\framework\\src\\Illuminate\\Pipeline\\Pipeline.php(137): Illuminate\\Pipeline\\Pipeline->Illuminate\\Pipeline\\{closure}(Object(Illuminate\\Http\\Request))
#31 C:\\laragon\\www\\Proyek2\\Proyek2-k7\\vendor\\laravel\\framework\\src\\Illuminate\\Foundation\\Http\\Kernel.php(175): Illuminate\\Pipeline\\Pipeline->then(Object(Closure))
#32 C:\\laragon\\www\\Proyek2\\Proyek2-k7\\vendor\\laravel\\framework\\src\\Illuminate\\Foundation\\Http\\Kernel.php(144): Illuminate\\Foundation\\Http\\Kernel->sendRequestThroughRouter(Object(Illuminate\\Http\\Request))
#33 C:\\laragon\\www\\Proyek2\\Proyek2-k7\\vendor\\laravel\\framework\\src\\Illuminate\\Foundation\\Application.php(1220): Illuminate\\Foundation\\Http\\Kernel->handle(Object(Illuminate\\Http\\Request))
#34 C:\\laragon\\www\\Proyek2\\Proyek2-k7\\public\\index.php(20): Illuminate\\Foundation\\Application->handleRequest(Object(Illuminate\\Http\\Request))
#35 C:\\laragon\\www\\Proyek2\\Proyek2-k7\\vendor\\laravel\\framework\\src\\Illuminate\\Foundation\\resources\\server.php(23): require_once('C:\\\\laragon\\\\www\\\\...')
#36 {main}
"} 
[2025-12-03 16:10:48] local.ERROR: MIDTRANS ERROR: Midtrans API is returning API error. HTTP status code: 401 API response: {"error_messages":["Access denied due to unauthorized transaction, please check client or server key","Visit https://docs.midtrans.com/reference/backend-integration for more details"]}  
[2025-12-03 16:10:50] local.ERROR: MIDTRANS ERROR: Midtrans API is returning API error. HTTP status code: 401 API response: {"error_messages":["Access denied due to unauthorized transaction, please check client or server key","Visit https://docs.midtrans.com/reference/backend-integration for more details"]}  
[2025-12-03 16:11:39] local.INFO: User berhasil login {"email":"sistem@gamecenter.com","role":"user"} 
[2025-12-03 16:11:47] local.INFO: User berhasil login {"email":"sistem@gamecenter.com","role":"user"} 
[2025-12-03 16:12:20] local.INFO: User berhasil login {"email":"admin@gamecenter.com","role":"admin"} 
[2025-12-03 16:12:20] local.ERROR: Class "App\Http\Controllers\Admin\Controller" not found {"exception":"[object] (Error(code: 0): Class \"App\\Http\\Controllers\\Admin\\Controller\" not found at C:\\laragon\\www\\Proyek2\\Proyek2-k7\\app\\Http\\Controllers\\Admin\\AdminController.php:13)
[stacktrace]
#0 C:\\laragon\\www\\Proyek2\\Proyek2-k7\\vendor\\composer\\ClassLoader.php(571): include()
#1 C:\\laragon\\www\\Proyek2\\Proyek2-k7\\vendor\\composer\\ClassLoader.php(428): Composer\\Autoload\\includeFile('C:\\\\laragon\\\\www\\\\...')
#2 [internal function]: Composer\\Autoload\\ClassLoader->loadClass('App\\\\Http\\\\Contro...')
#3 C:\\laragon\\www\\Proyek2\\Proyek2-k7\\vendor\\laravel\\framework\\src\\Illuminate\\Routing\\Route.php(1125): is_a('App\\\\Http\\\\Contro...', 'Illuminate\\\\Rout...', true)
#4 C:\\laragon\\www\\Proyek2\\Proyek2-k7\\vendor\\laravel\\framework\\src\\Illuminate\\Routing\\Route.php(1062): Illuminate\\Routing\\Route->controllerMiddleware()
#5 C:\\laragon\\www\\Proyek2\\Proyek2-k7\\vendor\\laravel\\framework\\src\\Illuminate\\Routing\\Router.php(834): Illuminate\\Routing\\Route->gatherMiddleware()
#6 C:\\laragon\\www\\Proyek2\\Proyek2-k7\\vendor\\laravel\\framework\\src\\Illuminate\\Routing\\Router.php(816): Illuminate\\Routing\\Router->gatherRouteMiddleware(Object(Illuminate\\Routing\\Route))
#7 C:\\laragon\\www\\Proyek2\\Proyek2-k7\\vendor\\laravel\\framework\\src\\Illuminate\\Routing\\Router.php(800): Illuminate\\Routing\\Router->runRouteWithinStack(Object(Illuminate\\Routing\\Route), Object(Illuminate\\Http\\Request))
#8 C:\\laragon\\www\\Proyek2\\Proyek2-k7\\vendor\\laravel\\framework\\src\\Illuminate\\Routing\\Router.php(764): Illuminate\\Routing\\Router->runRoute(Object(Illuminate\\Http\\Request), Object(Illuminate\\Routing\\Route))
#9 C:\\laragon\\www\\Proyek2\\Proyek2-k7\\vendor\\laravel\\framework\\src\\Illuminate\\Routing\\Router.php(753): Illuminate\\Routing\\Router->dispatchToRoute(Object(Illuminate\\Http\\Request))
#10 C:\\laragon\\www\\Proyek2\\Proyek2-k7\\vendor\\laravel\\framework\\src\\Illuminate\\Foundation\\Http\\Kernel.php(200): Illuminate\\Routing\\Router->dispatch(Object(Illuminate\\Http\\Request))
#11 C:\\laragon\\www\\Proyek2\\Proyek2-k7\\vendor\\laravel\\framework\\src\\Illuminate\\Pipeline\\Pipeline.php(180): Illuminate\\Foundation\\Http\\Kernel->Illuminate\\Foundation\\Http\\{closure}(Object(Illuminate\\Http\\Request))
#12 C:\\laragon\\www\\Proyek2\\Proyek2-k7\\vendor\\laravel\\framework\\src\\Illuminate\\Foundation\\Http\\Middleware\\TransformsRequest.php(21): Illuminate\\Pipeline\\Pipeline->Illuminate\\Pipeline\\{closure}(Object(Illuminate\\Http\\Request))
#13 C:\\laragon\\www\\Proyek2\\Proyek2-k7\\vendor\\laravel\\framework\\src\\Illuminate\\Foundation\\Http\\Middleware\\ConvertEmptyStringsToNull.php(31): Illuminate\\Foundation\\Http\\Middleware\\TransformsRequest->handle(Object(Illuminate\\Http\\Request), Object(Closure))
#14 C:\\laragon\\www\\Proyek2\\Proyek2-k7\\vendor\\laravel\\framework\\src\\Illuminate\\Pipeline\\Pipeline.php(219): Illuminate\\Foundation\\Http\\Middleware\\ConvertEmptyStringsToNull->handle(Object(Illuminate\\Http\\Request), Object(Closure))
#15 C:\\laragon\\www\\Proyek2\\Proyek2-k7\\vendor\\laravel\\framework\\src\\Illuminate\\Foundation\\Http\\Middleware\\TransformsRequest.php(21): Illuminate\\Pipeline\\Pipeline->Illuminate\\Pipeline\\{closure}(Object(Illuminate\\Http\\Request))
#16 C:\\laragon\\www\\Proyek2\\Proyek2-k7\\vendor\\laravel\\framework\\src\\Illuminate\\Foundation\\Http\\Middleware\\TrimStrings.php(51): Illuminate\\Foundation\\Http\\Middleware\\TransformsRequest->handle(Object(Illuminate\\Http\\Request), Object(Closure))
#17 C:\\laragon\\www\\Proyek2\\Proyek2-k7\\vendor\\laravel\\framework\\src\\Illuminate\\Pipeline\\Pipeline.php(219): Illuminate\\Foundation\\Http\\Middleware\\TrimStrings->handle(Object(Illuminate\\Http\\Request), Object(Closure))
#18 C:\\laragon\\www\\Proyek2\\Proyek2-k7\\vendor\\laravel\\framework\\src\\Illuminate\\Http\\Middleware\\ValidatePostSize.php(27): Illuminate\\Pipeline\\Pipeline->Illuminate\\Pipeline\\{closure}(Object(Illuminate\\Http\\Request))
#19 C:\\laragon\\www\\Proyek2\\Proyek2-k7\\vendor\\laravel\\framework\\src\\Illuminate\\Pipeline\\Pipeline.php(219): Illuminate\\Http\\Middleware\\ValidatePostSize->handle(Object(Illuminate\\Http\\Request), Object(Closure))
#20 C:\\laragon\\www\\Proyek2\\Proyek2-k7\\vendor\\laravel\\framework\\src\\Illuminate\\Foundation\\Http\\Middleware\\PreventRequestsDuringMaintenance.php(109): Illuminate\\Pipeline\\Pipeline->Illuminate\\Pipeline\\{closure}(Object(Illuminate\\Http\\Request))
#21 C:\\laragon\\www\\Proyek2\\Proyek2-k7\\vendor\\laravel\\framework\\src\\Illuminate\\Pipeline\\Pipeline.php(219): Illuminate\\Foundation\\Http\\Middleware\\PreventRequestsDuringMaintenance->handle(Object(Illuminate\\Http\\Request), Object(Closure))
#22 C:\\laragon\\www\\Proyek2\\Proyek2-k7\\vendor\\laravel\\framework\\src\\Illuminate\\Http\\Middleware\\HandleCors.php(48): Illuminate\\Pipeline\\Pipeline->Illuminate\\Pipeline\\{closure}(Object(Illuminate\\Http\\Request))
#23 C:\\laragon\\www\\Proyek2\\Proyek2-k7\\vendor\\laravel\\framework\\src\\Illuminate\\Pipeline\\Pipeline.php(219): Illuminate\\Http\\Middleware\\HandleCors->handle(Object(Illuminate\\Http\\Request), Object(Closure))
#24 C:\\laragon\\www\\Proyek2\\Proyek2-k7\\vendor\\laravel\\framework\\src\\Illuminate\\Http\\Middleware\\TrustProxies.php(58): Illuminate\\Pipeline\\Pipeline->Illuminate\\Pipeline\\{closure}(Object(Illuminate\\Http\\Request))
#25 C:\\laragon\\www\\Proyek2\\Proyek2-k7\\vendor\\laravel\\framework\\src\\Illuminate\\Pipeline\\Pipeline.php(219): Illuminate\\Http\\Middleware\\TrustProxies->handle(Object(Illuminate\\Http\\Request), Object(Closure))
#26 C:\\laragon\\www\\Proyek2\\Proyek2-k7\\vendor\\laravel\\framework\\src\\Illuminate\\Foundation\\Http\\Middleware\\InvokeDeferredCallbacks.php(22): Illuminate\\Pipeline\\Pipeline->Illuminate\\Pipeline\\{closure}(Object(Illuminate\\Http\\Request))
#27 C:\\laragon\\www\\Proyek2\\Proyek2-k7\\vendor\\laravel\\framework\\src\\Illuminate\\Pipeline\\Pipeline.php(219): Illuminate\\Foundation\\Http\\Middleware\\InvokeDeferredCallbacks->handle(Object(Illuminate\\Http\\Request), Object(Closure))
#28 C:\\laragon\\www\\Proyek2\\Proyek2-k7\\vendor\\laravel\\framework\\src\\Illuminate\\Http\\Middleware\\ValidatePathEncoding.php(26): Illuminate\\Pipeline\\Pipeline->Illuminate\\Pipeline\\{closure}(Object(Illuminate\\Http\\Request))
#29 C:\\laragon\\www\\Proyek2\\Proyek2-k7\\vendor\\laravel\\framework\\src\\Illuminate\\Pipeline\\Pipeline.php(219): Illuminate\\Http\\Middleware\\ValidatePathEncoding->handle(Object(Illuminate\\Http\\Request), Object(Closure))
#30 C:\\laragon\\www\\Proyek2\\Proyek2-k7\\vendor\\laravel\\framework\\src\\Illuminate\\Pipeline\\Pipeline.php(137): Illuminate\\Pipeline\\Pipeline->Illuminate\\Pipeline\\{closure}(Object(Illuminate\\Http\\Request))
#31 C:\\laragon\\www\\Proyek2\\Proyek2-k7\\vendor\\laravel\\framework\\src\\Illuminate\\Foundation\\Http\\Kernel.php(175): Illuminate\\Pipeline\\Pipeline->then(Object(Closure))
#32 C:\\laragon\\www\\Proyek2\\Proyek2-k7\\vendor\\laravel\\framework\\src\\Illuminate\\Foundation\\Http\\Kernel.php(144): Illuminate\\Foundation\\Http\\Kernel->sendRequestThroughRouter(Object(Illuminate\\Http\\Request))
#33 C:\\laragon\\www\\Proyek2\\Proyek2-k7\\vendor\\laravel\\framework\\src\\Illuminate\\Foundation\\Application.php(1220): Illuminate\\Foundation\\Http\\Kernel->handle(Object(Illuminate\\Http\\Request))
#34 C:\\laragon\\www\\Proyek2\\Proyek2-k7\\public\\index.php(20): Illuminate\\Foundation\\Application->handleRequest(Object(Illuminate\\Http\\Request))
#35 C:\\laragon\\www\\Proyek2\\Proyek2-k7\\vendor\\laravel\\framework\\src\\Illuminate\\Foundation\\resources\\server.php(23): require_once('C:\\\\laragon\\\\www\\\\...')
#36 {main}
"} 
[2025-12-03 16:13:26] local.ERROR: SQLSTATE[42S22]: Column not found: 1054 Unknown column 'subtitle' in 'field list' (Connection: mysql, SQL: insert into `about_page` (`title`, `subtitle`, `updated_at`, `created_at`) values (Judul Halaman About Default, Sub Judul Halaman About Default, 2025-12-03 16:13:26, 2025-12-03 16:13:26)) {"userId":1,"exception":"[object] (Illuminate\\Database\\QueryException(code: 42S22): SQLSTATE[42S22]: Column not found: 1054 Unknown column 'subtitle' in 'field list' (Connection: mysql, SQL: insert into `about_page` (`title`, `subtitle`, `updated_at`, `created_at`) values (Judul Halaman About Default, Sub Judul Halaman About Default, 2025-12-03 16:13:26, 2025-12-03 16:13:26)) at C:\\laragon\\www\\Proyek2\\Proyek2-k7\\vendor\\laravel\\framework\\src\\Illuminate\\Database\\Connection.php:824)
[stacktrace]
#0 C:\\laragon\\www\\Proyek2\\Proyek2-k7\\vendor\\laravel\\framework\\src\\Illuminate\\Database\\Connection.php(778): Illuminate\\Database\\Connection->runQueryCallback('insert into `ab...', Array, Object(Closure))
#1 C:\\laragon\\www\\Proyek2\\Proyek2-k7\\vendor\\laravel\\framework\\src\\Illuminate\\Database\\MySqlConnection.php(42): Illuminate\\Database\\Connection->run('insert into `ab...', Array, Object(Closure))
#2 C:\\laragon\\www\\Proyek2\\Proyek2-k7\\vendor\\laravel\\framework\\src\\Illuminate\\Database\\Query\\Processors\\MySqlProcessor.php(35): Illuminate\\Database\\MySqlConnection->insert('insert into `ab...', Array, 'id')
#3 C:\\laragon\\www\\Proyek2\\Proyek2-k7\\vendor\\laravel\\framework\\src\\Illuminate\\Database\\Query\\Builder.php(3853): Illuminate\\Database\\Query\\Processors\\MySqlProcessor->processInsertGetId(Object(Illuminate\\Database\\Query\\Builder), 'insert into `ab...', Array, 'id')
#4 C:\\laragon\\www\\Proyek2\\Proyek2-k7\\vendor\\laravel\\framework\\src\\Illuminate\\Database\\Eloquent\\Builder.php(2235): Illuminate\\Database\\Query\\Builder->insertGetId(Array, 'id')
#5 C:\\laragon\\www\\Proyek2\\Proyek2-k7\\vendor\\laravel\\framework\\src\\Illuminate\\Database\\Eloquent\\Model.php(1436): Illuminate\\Database\\Eloquent\\Builder->__call('insertGetId', Array)
#6 C:\\laragon\\www\\Proyek2\\Proyek2-k7\\vendor\\laravel\\framework\\src\\Illuminate\\Database\\Eloquent\\Model.php(1401): Illuminate\\Database\\Eloquent\\Model->insertAndSetId(Object(Illuminate\\Database\\Eloquent\\Builder), Array)
#7 C:\\laragon\\www\\Proyek2\\Proyek2-k7\\vendor\\laravel\\framework\\src\\Illuminate\\Database\\Eloquent\\Model.php(1240): Illuminate\\Database\\Eloquent\\Model->performInsert(Object(Illuminate\\Database\\Eloquent\\Builder))
#8 C:\\laragon\\www\\Proyek2\\Proyek2-k7\\vendor\\laravel\\framework\\src\\Illuminate\\Database\\Eloquent\\Builder.php(1219): Illuminate\\Database\\Eloquent\\Model->save()
#9 C:\\laragon\\www\\Proyek2\\Proyek2-k7\\vendor\\laravel\\framework\\src\\Illuminate\\Support\\helpers.php(390): Illuminate\\Database\\Eloquent\\Builder->Illuminate\\Database\\Eloquent\\{closure}(Object(App\\Models\\AboutPage))
#10 C:\\laragon\\www\\Proyek2\\Proyek2-k7\\vendor\\laravel\\framework\\src\\Illuminate\\Database\\Eloquent\\Builder.php(1218): tap(Object(App\\Models\\AboutPage), Object(Closure))
#11 C:\\laragon\\www\\Proyek2\\Proyek2-k7\\vendor\\laravel\\framework\\src\\Illuminate\\Database\\Eloquent\\Builder.php(725): Illuminate\\Database\\Eloquent\\Builder->create(Array)
#12 C:\\laragon\\www\\Proyek2\\Proyek2-k7\\vendor\\laravel\\framework\\src\\Illuminate\\Database\\Eloquent\\Builder.php(1959): Illuminate\\Database\\Eloquent\\Builder->Illuminate\\Database\\Eloquent\\{closure}()
#13 C:\\laragon\\www\\Proyek2\\Proyek2-k7\\vendor\\laravel\\framework\\src\\Illuminate\\Database\\Eloquent\\Builder.php(725): Illuminate\\Database\\Eloquent\\Builder->withSavepointIfNeeded(Object(Closure))
#14 C:\\laragon\\www\\Proyek2\\Proyek2-k7\\vendor\\laravel\\framework\\src\\Illuminate\\Database\\Eloquent\\Builder.php(712): Illuminate\\Database\\Eloquent\\Builder->createOrFirst(Array, Array)
#15 C:\\laragon\\www\\Proyek2\\Proyek2-k7\\vendor\\laravel\\framework\\src\\Illuminate\\Support\\Traits\\ForwardsCalls.php(23): Illuminate\\Database\\Eloquent\\Builder->firstOrCreate(Array, Array)
#16 C:\\laragon\\www\\Proyek2\\Proyek2-k7\\vendor\\laravel\\framework\\src\\Illuminate\\Database\\Eloquent\\Model.php(2540): Illuminate\\Database\\Eloquent\\Model->forwardCallTo(Object(Illuminate\\Database\\Eloquent\\Builder), 'firstOrCreate', Array)
#17 C:\\laragon\\www\\Proyek2\\Proyek2-k7\\vendor\\laravel\\framework\\src\\Illuminate\\Database\\Eloquent\\Model.php(2556): Illuminate\\Database\\Eloquent\\Model->__call('firstOrCreate', Array)
#18 C:\\laragon\\www\\Proyek2\\Proyek2-k7\\app\\Http\\Controllers\\Web\\AboutController.php(22): Illuminate\\Database\\Eloquent\\Model::__callStatic('firstOrCreate', Array)
#19 C:\\laragon\\www\\Proyek2\\Proyek2-k7\\vendor\\laravel\\framework\\src\\Illuminate\\Routing\\ControllerDispatcher.php(46): App\\Http\\Controllers\\Web\\AboutController->edit()
#20 C:\\laragon\\www\\Proyek2\\Proyek2-k7\\vendor\\laravel\\framework\\src\\Illuminate\\Routing\\Route.php(265): Illuminate\\Routing\\ControllerDispatcher->dispatch(Object(Illuminate\\Routing\\Route), Object(App\\Http\\Controllers\\Web\\AboutController), 'edit')
#21 C:\\laragon\\www\\Proyek2\\Proyek2-k7\\vendor\\laravel\\framework\\src\\Illuminate\\Routing\\Route.php(211): Illuminate\\Routing\\Route->runController()
#22 C:\\laragon\\www\\Proyek2\\Proyek2-k7\\vendor\\laravel\\framework\\src\\Illuminate\\Routing\\Router.php(822): Illuminate\\Routing\\Route->run()
#23 C:\\laragon\\www\\Proyek2\\Proyek2-k7\\vendor\\laravel\\framework\\src\\Illuminate\\Pipeline\\Pipeline.php(180): Illuminate\\Routing\\Router->Illuminate\\Routing\\{closure}(Object(Illuminate\\Http\\Request))
#24 C:\\laragon\\www\\Proyek2\\Proyek2-k7\\app\\Http\\Middleware\\AdminMiddleware.php(17): Illuminate\\Pipeline\\Pipeline->Illuminate\\Pipeline\\{closure}(Object(Illuminate\\Http\\Request))
#25 C:\\laragon\\www\\Proyek2\\Proyek2-k7\\vendor\\laravel\\framework\\src\\Illuminate\\Pipeline\\Pipeline.php(219): App\\Http\\Middleware\\AdminMiddleware->handle(Object(Illuminate\\Http\\Request), Object(Closure))
#26 C:\\laragon\\www\\Proyek2\\Proyek2-k7\\vendor\\laravel\\framework\\src\\Illuminate\\Routing\\Middleware\\SubstituteBindings.php(50): Illuminate\\Pipeline\\Pipeline->Illuminate\\Pipeline\\{closure}(Object(Illuminate\\Http\\Request))
#27 C:\\laragon\\www\\Proyek2\\Proyek2-k7\\vendor\\laravel\\framework\\src\\Illuminate\\Pipeline\\Pipeline.php(219): Illuminate\\Routing\\Middleware\\SubstituteBindings->handle(Object(Illuminate\\Http\\Request), Object(Closure))
#28 C:\\laragon\\www\\Proyek2\\Proyek2-k7\\vendor\\laravel\\framework\\src\\Illuminate\\Foundation\\Http\\Middleware\\VerifyCsrfToken.php(87): Illuminate\\Pipeline\\Pipeline->Illuminate\\Pipeline\\{closure}(Object(Illuminate\\Http\\Request))
#29 C:\\laragon\\www\\Proyek2\\Proyek2-k7\\vendor\\laravel\\framework\\src\\Illuminate\\Pipeline\\Pipeline.php(219): Illuminate\\Foundation\\Http\\Middleware\\VerifyCsrfToken->handle(Object(Illuminate\\Http\\Request), Object(Closure))
#30 C:\\laragon\\www\\Proyek2\\Proyek2-k7\\vendor\\laravel\\framework\\src\\Illuminate\\View\\Middleware\\ShareErrorsFromSession.php(48): Illuminate\\Pipeline\\Pipeline->Illuminate\\Pipeline\\{closure}(Object(Illuminate\\Http\\Request))
#31 C:\\laragon\\www\\Proyek2\\Proyek2-k7\\vendor\\laravel\\framework\\src\\Illuminate\\Pipeline\\Pipeline.php(219): Illuminate\\View\\Middleware\\ShareErrorsFromSession->handle(Object(Illuminate\\Http\\Request), Object(Closure))
#32 C:\\laragon\\www\\Proyek2\\Proyek2-k7\\vendor\\laravel\\framework\\src\\Illuminate\\Session\\Middleware\\StartSession.php(120): Illuminate\\Pipeline\\Pipeline->Illuminate\\Pipeline\\{closure}(Object(Illuminate\\Http\\Request))
#33 C:\\laragon\\www\\Proyek2\\Proyek2-k7\\vendor\\laravel\\framework\\src\\Illuminate\\Session\\Middleware\\StartSession.php(63): Illuminate\\Session\\Middleware\\StartSession->handleStatefulRequest(Object(Illuminate\\Http\\Request), Object(Illuminate\\Session\\Store), Object(Closure))
#34 C:\\laragon\\www\\Proyek2\\Proyek2-k7\\vendor\\laravel\\framework\\src\\Illuminate\\Pipeline\\Pipeline.php(219): Illuminate\\Session\\Middleware\\StartSession->handle(Object(Illuminate\\Http\\Request), Object(Closure))
#35 C:\\laragon\\www\\Proyek2\\Proyek2-k7\\vendor\\laravel\\framework\\src\\Illuminate\\Cookie\\Middleware\\AddQueuedCookiesToResponse.php(36): Illuminate\\Pipeline\\Pipeline->Illuminate\\Pipeline\\{closure}(Object(Illuminate\\Http\\Request))
#36 C:\\laragon\\www\\Proyek2\\Proyek2-k7\\vendor\\laravel\\framework\\src\\Illuminate\\Pipeline\\Pipeline.php(219): Illuminate\\Cookie\\Middleware\\AddQueuedCookiesToResponse->handle(Object(Illuminate\\Http\\Request), Object(Closure))
#37 C:\\laragon\\www\\Proyek2\\Proyek2-k7\\vendor\\laravel\\framework\\src\\Illuminate\\Cookie\\Middleware\\EncryptCookies.php(74): Illuminate\\Pipeline\\Pipeline->Illuminate\\Pipeline\\{closure}(Object(Illuminate\\Http\\Request))
#38 C:\\laragon\\www\\Proyek2\\Proyek2-k7\\vendor\\laravel\\framework\\src\\Illuminate\\Pipeline\\Pipeline.php(219): Illuminate\\Cookie\\Middleware\\EncryptCookies->handle(Object(Illuminate\\Http\\Request), Object(Closure))
#39 C:\\laragon\\www\\Proyek2\\Proyek2-k7\\vendor\\laravel\\framework\\src\\Illuminate\\Pipeline\\Pipeline.php(137): Illuminate\\Pipeline\\Pipeline->Illuminate\\Pipeline\\{closure}(Object(Illuminate\\Http\\Request))
#40 C:\\laragon\\www\\Proyek2\\Proyek2-k7\\vendor\\laravel\\framework\\src\\Illuminate\\Routing\\Router.php(821): Illuminate\\Pipeline\\Pipeline->then(Object(Closure))
#41 C:\\laragon\\www\\Proyek2\\Proyek2-k7\\vendor\\laravel\\framework\\src\\Illuminate\\Routing\\Router.php(800): Illuminate\\Routing\\Router->runRouteWithinStack(Object(Illuminate\\Routing\\Route), Object(Illuminate\\Http\\Request))
#42 C:\\laragon\\www\\Proyek2\\Proyek2-k7\\vendor\\laravel\\framework\\src\\Illuminate\\Routing\\Router.php(764): Illuminate\\Routing\\Router->runRoute(Object(Illuminate\\Http\\Request), Object(Illuminate\\Routing\\Route))
#43 C:\\laragon\\www\\Proyek2\\Proyek2-k7\\vendor\\laravel\\framework\\src\\Illuminate\\Routing\\Router.php(753): Illuminate\\Routing\\Router->dispatchToRoute(Object(Illuminate\\Http\\Request))
#44 C:\\laragon\\www\\Proyek2\\Proyek2-k7\\vendor\\laravel\\framework\\src\\Illuminate\\Foundation\\Http\\Kernel.php(200): Illuminate\\Routing\\Router->dispatch(Object(Illuminate\\Http\\Request))
#45 C:\\laragon\\www\\Proyek2\\Proyek2-k7\\vendor\\laravel\\framework\\src\\Illuminate\\Pipeline\\Pipeline.php(180): Illuminate\\Foundation\\Http\\Kernel->Illuminate\\Foundation\\Http\\{closure}(Object(Illuminate\\Http\\Request))
#46 C:\\laragon\\www\\Proyek2\\Proyek2-k7\\vendor\\laravel\\framework\\src\\Illuminate\\Foundation\\Http\\Middleware\\TransformsRequest.php(21): Illuminate\\Pipeline\\Pipeline->Illuminate\\Pipeline\\{closure}(Object(Illuminate\\Http\\Request))
#47 C:\\laragon\\www\\Proyek2\\Proyek2-k7\\vendor\\laravel\\framework\\src\\Illuminate\\Foundation\\Http\\Middleware\\ConvertEmptyStringsToNull.php(31): Illuminate\\Foundation\\Http\\Middleware\\TransformsRequest->handle(Object(Illuminate\\Http\\Request), Object(Closure))
#48 C:\\laragon\\www\\Proyek2\\Proyek2-k7\\vendor\\laravel\\framework\\src\\Illuminate\\Pipeline\\Pipeline.php(219): Illuminate\\Foundation\\Http\\Middleware\\ConvertEmptyStringsToNull->handle(Object(Illuminate\\Http\\Request), Object(Closure))
#49 C:\\laragon\\www\\Proyek2\\Proyek2-k7\\vendor\\laravel\\framework\\src\\Illuminate\\Foundation\\Http\\Middleware\\TransformsRequest.php(21): Illuminate\\Pipeline\\Pipeline->Illuminate\\Pipeline\\{closure}(Object(Illuminate\\Http\\Request))
#50 C:\\laragon\\www\\Proyek2\\Proyek2-k7\\vendor\\laravel\\framework\\src\\Illuminate\\Foundation\\Http\\Middleware\\TrimStrings.php(51): Illuminate\\Foundation\\Http\\Middleware\\TransformsRequest->handle(Object(Illuminate\\Http\\Request), Object(Closure))
#51 C:\\laragon\\www\\Proyek2\\Proyek2-k7\\vendor\\laravel\\framework\\src\\Illuminate\\Pipeline\\Pipeline.php(219): Illuminate\\Foundation\\Http\\Middleware\\TrimStrings->handle(Object(Illuminate\\Http\\Request), Object(Closure))
#52 C:\\laragon\\www\\Proyek2\\Proyek2-k7\\vendor\\laravel\\framework\\src\\Illuminate\\Http\\Middleware\\ValidatePostSize.php(27): Illuminate\\Pipeline\\Pipeline->Illuminate\\Pipeline\\{closure}(Object(Illuminate\\Http\\Request))
#53 C:\\laragon\\www\\Proyek2\\Proyek2-k7\\vendor\\laravel\\framework\\src\\Illuminate\\Pipeline\\Pipeline.php(219): Illuminate\\Http\\Middleware\\ValidatePostSize->handle(Object(Illuminate\\Http\\Request), Object(Closure))
#54 C:\\laragon\\www\\Proyek2\\Proyek2-k7\\vendor\\laravel\\framework\\src\\Illuminate\\Foundation\\Http\\Middleware\\PreventRequestsDuringMaintenance.php(109): Illuminate\\Pipeline\\Pipeline->Illuminate\\Pipeline\\{closure}(Object(Illuminate\\Http\\Request))
#55 C:\\laragon\\www\\Proyek2\\Proyek2-k7\\vendor\\laravel\\framework\\src\\Illuminate\\Pipeline\\Pipeline.php(219): Illuminate\\Foundation\\Http\\Middleware\\PreventRequestsDuringMaintenance->handle(Object(Illuminate\\Http\\Request), Object(Closure))
#56 C:\\laragon\\www\\Proyek2\\Proyek2-k7\\vendor\\laravel\\framework\\src\\Illuminate\\Http\\Middleware\\HandleCors.php(48): Illuminate\\Pipeline\\Pipeline->Illuminate\\Pipeline\\{closure}(Object(Illuminate\\Http\\Request))
#57 C:\\laragon\\www\\Proyek2\\Proyek2-k7\\vendor\\laravel\\framework\\src\\Illuminate\\Pipeline\\Pipeline.php(219): Illuminate\\Http\\Middleware\\HandleCors->handle(Object(Illuminate\\Http\\Request), Object(Closure))
#58 C:\\laragon\\www\\Proyek2\\Proyek2-k7\\vendor\\laravel\\framework\\src\\Illuminate\\Http\\Middleware\\TrustProxies.php(58): Illuminate\\Pipeline\\Pipeline->Illuminate\\Pipeline\\{closure}(Object(Illuminate\\Http\\Request))
#59 C:\\laragon\\www\\Proyek2\\Proyek2-k7\\vendor\\laravel\\framework\\src\\Illuminate\\Pipeline\\Pipeline.php(219): Illuminate\\Http\\Middleware\\TrustProxies->handle(Object(Illuminate\\Http\\Request), Object(Closure))
#60 C:\\laragon\\www\\Proyek2\\Proyek2-k7\\vendor\\laravel\\framework\\src\\Illuminate\\Foundation\\Http\\Middleware\\InvokeDeferredCallbacks.php(22): Illuminate\\Pipeline\\Pipeline->Illuminate\\Pipeline\\{closure}(Object(Illuminate\\Http\\Request))
#61 C:\\laragon\\www\\Proyek2\\Proyek2-k7\\vendor\\laravel\\framework\\src\\Illuminate\\Pipeline\\Pipeline.php(219): Illuminate\\Foundation\\Http\\Middleware\\InvokeDeferredCallbacks->handle(Object(Illuminate\\Http\\Request), Object(Closure))
#62 C:\\laragon\\www\\Proyek2\\Proyek2-k7\\vendor\\laravel\\framework\\src\\Illuminate\\Http\\Middleware\\ValidatePathEncoding.php(26): Illuminate\\Pipeline\\Pipeline->Illuminate\\Pipeline\\{closure}(Object(Illuminate\\Http\\Request))
#63 C:\\laragon\\www\\Proyek2\\Proyek2-k7\\vendor\\laravel\\framework\\src\\Illuminate\\Pipeline\\Pipeline.php(219): Illuminate\\Http\\Middleware\\ValidatePathEncoding->handle(Object(Illuminate\\Http\\Request), Object(Closure))
#64 C:\\laragon\\www\\Proyek2\\Proyek2-k7\\vendor\\laravel\\framework\\src\\Illuminate\\Pipeline\\Pipeline.php(137): Illuminate\\Pipeline\\Pipeline->Illuminate\\Pipeline\\{closure}(Object(Illuminate\\Http\\Request))
#65 C:\\laragon\\www\\Proyek2\\Proyek2-k7\\vendor\\laravel\\framework\\src\\Illuminate\\Foundation\\Http\\Kernel.php(175): Illuminate\\Pipeline\\Pipeline->then(Object(Closure))
#66 C:\\laragon\\www\\Proyek2\\Proyek2-k7\\vendor\\laravel\\framework\\src\\Illuminate\\Foundation\\Http\\Kernel.php(144): Illuminate\\Foundation\\Http\\Kernel->sendRequestThroughRouter(Object(Illuminate\\Http\\Request))
#67 C:\\laragon\\www\\Proyek2\\Proyek2-k7\\vendor\\laravel\\framework\\src\\Illuminate\\Foundation\\Application.php(1220): Illuminate\\Foundation\\Http\\Kernel->handle(Object(Illuminate\\Http\\Request))
#68 C:\\laragon\\www\\Proyek2\\Proyek2-k7\\public\\index.php(20): Illuminate\\Foundation\\Application->handleRequest(Object(Illuminate\\Http\\Request))
#69 C:\\laragon\\www\\Proyek2\\Proyek2-k7\\vendor\\laravel\\framework\\src\\Illuminate\\Foundation\\resources\\server.php(23): require_once('C:\\\\laragon\\\\www\\\\...')
#70 {main}

[previous exception] [object] (PDOException(code: 42S22): SQLSTATE[42S22]: Column not found: 1054 Unknown column 'subtitle' in 'field list' at C:\\laragon\\www\\Proyek2\\Proyek2-k7\\vendor\\laravel\\framework\\src\\Illuminate\\Database\\MySqlConnection.php:47)
[stacktrace]
#0 C:\\laragon\\www\\Proyek2\\Proyek2-k7\\vendor\\laravel\\framework\\src\\Illuminate\\Database\\MySqlConnection.php(47): PDO->prepare('insert into `ab...')
#1 C:\\laragon\\www\\Proyek2\\Proyek2-k7\\vendor\\laravel\\framework\\src\\Illuminate\\Database\\Connection.php(811): Illuminate\\Database\\MySqlConnection->Illuminate\\Database\\{closure}('insert into `ab...', Array)
#2 C:\\laragon\\www\\Proyek2\\Proyek2-k7\\vendor\\laravel\\framework\\src\\Illuminate\\Database\\Connection.php(778): Illuminate\\Database\\Connection->runQueryCallback('insert into `ab...', Array, Object(Closure))
#3 C:\\laragon\\www\\Proyek2\\Proyek2-k7\\vendor\\laravel\\framework\\src\\Illuminate\\Database\\MySqlConnection.php(42): Illuminate\\Database\\Connection->run('insert into `ab...', Array, Object(Closure))
#4 C:\\laragon\\www\\Proyek2\\Proyek2-k7\\vendor\\laravel\\framework\\src\\Illuminate\\Database\\Query\\Processors\\MySqlProcessor.php(35): Illuminate\\Database\\MySqlConnection->insert('insert into `ab...', Array, 'id')
#5 C:\\laragon\\www\\Proyek2\\Proyek2-k7\\vendor\\laravel\\framework\\src\\Illuminate\\Database\\Query\\Builder.php(3853): Illuminate\\Database\\Query\\Processors\\MySqlProcessor->processInsertGetId(Object(Illuminate\\Database\\Query\\Builder), 'insert into `ab...', Array, 'id')
#6 C:\\laragon\\www\\Proyek2\\Proyek2-k7\\vendor\\laravel\\framework\\src\\Illuminate\\Database\\Eloquent\\Builder.php(2235): Illuminate\\Database\\Query\\Builder->insertGetId(Array, 'id')
#7 C:\\laragon\\www\\Proyek2\\Proyek2-k7\\vendor\\laravel\\framework\\src\\Illuminate\\Database\\Eloquent\\Model.php(1436): Illuminate\\Database\\Eloquent\\Builder->__call('insertGetId', Array)
#8 C:\\laragon\\www\\Proyek2\\Proyek2-k7\\vendor\\laravel\\framework\\src\\Illuminate\\Database\\Eloquent\\Model.php(1401): Illuminate\\Database\\Eloquent\\Model->insertAndSetId(Object(Illuminate\\Database\\Eloquent\\Builder), Array)
#9 C:\\laragon\\www\\Proyek2\\Proyek2-k7\\vendor\\laravel\\framework\\src\\Illuminate\\Database\\Eloquent\\Model.php(1240): Illuminate\\Database\\Eloquent\\Model->performInsert(Object(Illuminate\\Database\\Eloquent\\Builder))
#10 C:\\laragon\\www\\Proyek2\\Proyek2-k7\\vendor\\laravel\\framework\\src\\Illuminate\\Database\\Eloquent\\Builder.php(1219): Illuminate\\Database\\Eloquent\\Model->save()
#11 C:\\laragon\\www\\Proyek2\\Proyek2-k7\\vendor\\laravel\\framework\\src\\Illuminate\\Support\\helpers.php(390): Illuminate\\Database\\Eloquent\\Builder->Illuminate\\Database\\Eloquent\\{closure}(Object(App\\Models\\AboutPage))
#12 C:\\laragon\\www\\Proyek2\\Proyek2-k7\\vendor\\laravel\\framework\\src\\Illuminate\\Database\\Eloquent\\Builder.php(1218): tap(Object(App\\Models\\AboutPage), Object(Closure))
#13 C:\\laragon\\www\\Proyek2\\Proyek2-k7\\vendor\\laravel\\framework\\src\\Illuminate\\Database\\Eloquent\\Builder.php(725): Illuminate\\Database\\Eloquent\\Builder->create(Array)
#14 C:\\laragon\\www\\Proyek2\\Proyek2-k7\\vendor\\laravel\\framework\\src\\Illuminate\\Database\\Eloquent\\Builder.php(1959): Illuminate\\Database\\Eloquent\\Builder->Illuminate\\Database\\Eloquent\\{closure}()
#15 C:\\laragon\\www\\Proyek2\\Proyek2-k7\\vendor\\laravel\\framework\\src\\Illuminate\\Database\\Eloquent\\Builder.php(725): Illuminate\\Database\\Eloquent\\Builder->withSavepointIfNeeded(Object(Closure))
#16 C:\\laragon\\www\\Proyek2\\Proyek2-k7\\vendor\\laravel\\framework\\src\\Illuminate\\Database\\Eloquent\\Builder.php(712): Illuminate\\Database\\Eloquent\\Builder->createOrFirst(Array, Array)
#17 C:\\laragon\\www\\Proyek2\\Proyek2-k7\\vendor\\laravel\\framework\\src\\Illuminate\\Support\\Traits\\ForwardsCalls.php(23): Illuminate\\Database\\Eloquent\\Builder->firstOrCreate(Array, Array)
#18 C:\\laragon\\www\\Proyek2\\Proyek2-k7\\vendor\\laravel\\framework\\src\\Illuminate\\Database\\Eloquent\\Model.php(2540): Illuminate\\Database\\Eloquent\\Model->forwardCallTo(Object(Illuminate\\Database\\Eloquent\\Builder), 'firstOrCreate', Array)
#19 C:\\laragon\\www\\Proyek2\\Proyek2-k7\\vendor\\laravel\\framework\\src\\Illuminate\\Database\\Eloquent\\Model.php(2556): Illuminate\\Database\\Eloquent\\Model->__call('firstOrCreate', Array)
#20 C:\\laragon\\www\\Proyek2\\Proyek2-k7\\app\\Http\\Controllers\\Web\\AboutController.php(22): Illuminate\\Database\\Eloquent\\Model::__callStatic('firstOrCreate', Array)
#21 C:\\laragon\\www\\Proyek2\\Proyek2-k7\\vendor\\laravel\\framework\\src\\Illuminate\\Routing\\ControllerDispatcher.php(46): App\\Http\\Controllers\\Web\\AboutController->edit()
#22 C:\\laragon\\www\\Proyek2\\Proyek2-k7\\vendor\\laravel\\framework\\src\\Illuminate\\Routing\\Route.php(265): Illuminate\\Routing\\ControllerDispatcher->dispatch(Object(Illuminate\\Routing\\Route), Object(App\\Http\\Controllers\\Web\\AboutController), 'edit')
#23 C:\\laragon\\www\\Proyek2\\Proyek2-k7\\vendor\\laravel\\framework\\src\\Illuminate\\Routing\\Route.php(211): Illuminate\\Routing\\Route->runController()
#24 C:\\laragon\\www\\Proyek2\\Proyek2-k7\\vendor\\laravel\\framework\\src\\Illuminate\\Routing\\Router.php(822): Illuminate\\Routing\\Route->run()
#25 C:\\laragon\\www\\Proyek2\\Proyek2-k7\\vendor\\laravel\\framework\\src\\Illuminate\\Pipeline\\Pipeline.php(180): Illuminate\\Routing\\Router->Illuminate\\Routing\\{closure}(Object(Illuminate\\Http\\Request))
#26 C:\\laragon\\www\\Proyek2\\Proyek2-k7\\app\\Http\\Middleware\\AdminMiddleware.php(17): Illuminate\\Pipeline\\Pipeline->Illuminate\\Pipeline\\{closure}(Object(Illuminate\\Http\\Request))
#27 C:\\laragon\\www\\Proyek2\\Proyek2-k7\\vendor\\laravel\\framework\\src\\Illuminate\\Pipeline\\Pipeline.php(219): App\\Http\\Middleware\\AdminMiddleware->handle(Object(Illuminate\\Http\\Request), Object(Closure))
#28 C:\\laragon\\www\\Proyek2\\Proyek2-k7\\vendor\\laravel\\framework\\src\\Illuminate\\Routing\\Middleware\\SubstituteBindings.php(50): Illuminate\\Pipeline\\Pipeline->Illuminate\\Pipeline\\{closure}(Object(Illuminate\\Http\\Request))
#29 C:\\laragon\\www\\Proyek2\\Proyek2-k7\\vendor\\laravel\\framework\\src\\Illuminate\\Pipeline\\Pipeline.php(219): Illuminate\\Routing\\Middleware\\SubstituteBindings->handle(Object(Illuminate\\Http\\Request), Object(Closure))
#30 C:\\laragon\\www\\Proyek2\\Proyek2-k7\\vendor\\laravel\\framework\\src\\Illuminate\\Foundation\\Http\\Middleware\\VerifyCsrfToken.php(87): Illuminate\\Pipeline\\Pipeline->Illuminate\\Pipeline\\{closure}(Object(Illuminate\\Http\\Request))
#31 C:\\laragon\\www\\Proyek2\\Proyek2-k7\\vendor\\laravel\\framework\\src\\Illuminate\\Pipeline\\Pipeline.php(219): Illuminate\\Foundation\\Http\\Middleware\\VerifyCsrfToken->handle(Object(Illuminate\\Http\\Request), Object(Closure))
#32 C:\\laragon\\www\\Proyek2\\Proyek2-k7\\vendor\\laravel\\framework\\src\\Illuminate\\View\\Middleware\\ShareErrorsFromSession.php(48): Illuminate\\Pipeline\\Pipeline->Illuminate\\Pipeline\\{closure}(Object(Illuminate\\Http\\Request))
#33 C:\\laragon\\www\\Proyek2\\Proyek2-k7\\vendor\\laravel\\framework\\src\\Illuminate\\Pipeline\\Pipeline.php(219): Illuminate\\View\\Middleware\\ShareErrorsFromSession->handle(Object(Illuminate\\Http\\Request), Object(Closure))
#34 C:\\laragon\\www\\Proyek2\\Proyek2-k7\\vendor\\laravel\\framework\\src\\Illuminate\\Session\\Middleware\\StartSession.php(120): Illuminate\\Pipeline\\Pipeline->Illuminate\\Pipeline\\{closure}(Object(Illuminate\\Http\\Request))
#35 C:\\laragon\\www\\Proyek2\\Proyek2-k7\\vendor\\laravel\\framework\\src\\Illuminate\\Session\\Middleware\\StartSession.php(63): Illuminate\\Session\\Middleware\\StartSession->handleStatefulRequest(Object(Illuminate\\Http\\Request), Object(Illuminate\\Session\\Store), Object(Closure))
#36 C:\\laragon\\www\\Proyek2\\Proyek2-k7\\vendor\\laravel\\framework\\src\\Illuminate\\Pipeline\\Pipeline.php(219): Illuminate\\Session\\Middleware\\StartSession->handle(Object(Illuminate\\Http\\Request), Object(Closure))
#37 C:\\laragon\\www\\Proyek2\\Proyek2-k7\\vendor\\laravel\\framework\\src\\Illuminate\\Cookie\\Middleware\\AddQueuedCookiesToResponse.php(36): Illuminate\\Pipeline\\Pipeline->Illuminate\\Pipeline\\{closure}(Object(Illuminate\\Http\\Request))
#38 C:\\laragon\\www\\Proyek2\\Proyek2-k7\\vendor\\laravel\\framework\\src\\Illuminate\\Pipeline\\Pipeline.php(219): Illuminate\\Cookie\\Middleware\\AddQueuedCookiesToResponse->handle(Object(Illuminate\\Http\\Request), Object(Closure))
#39 C:\\laragon\\www\\Proyek2\\Proyek2-k7\\vendor\\laravel\\framework\\src\\Illuminate\\Cookie\\Middleware\\EncryptCookies.php(74): Illuminate\\Pipeline\\Pipeline->Illuminate\\Pipeline\\{closure}(Object(Illuminate\\Http\\Request))
#40 C:\\laragon\\www\\Proyek2\\Proyek2-k7\\vendor\\laravel\\framework\\src\\Illuminate\\Pipeline\\Pipeline.php(219): Illuminate\\Cookie\\Middleware\\EncryptCookies->handle(Object(Illuminate\\Http\\Request), Object(Closure))
#41 C:\\laragon\\www\\Proyek2\\Proyek2-k7\\vendor\\laravel\\framework\\src\\Illuminate\\Pipeline\\Pipeline.php(137): Illuminate\\Pipeline\\Pipeline->Illuminate\\Pipeline\\{closure}(Object(Illuminate\\Http\\Request))
#42 C:\\laragon\\www\\Proyek2\\Proyek2-k7\\vendor\\laravel\\framework\\src\\Illuminate\\Routing\\Router.php(821): Illuminate\\Pipeline\\Pipeline->then(Object(Closure))
#43 C:\\laragon\\www\\Proyek2\\Proyek2-k7\\vendor\\laravel\\framework\\src\\Illuminate\\Routing\\Router.php(800): Illuminate\\Routing\\Router->runRouteWithinStack(Object(Illuminate\\Routing\\Route), Object(Illuminate\\Http\\Request))
#44 C:\\laragon\\www\\Proyek2\\Proyek2-k7\\vendor\\laravel\\framework\\src\\Illuminate\\Routing\\Router.php(764): Illuminate\\Routing\\Router->runRoute(Object(Illuminate\\Http\\Request), Object(Illuminate\\Routing\\Route))
#45 C:\\laragon\\www\\Proyek2\\Proyek2-k7\\vendor\\laravel\\framework\\src\\Illuminate\\Routing\\Router.php(753): Illuminate\\Routing\\Router->dispatchToRoute(Object(Illuminate\\Http\\Request))
#46 C:\\laragon\\www\\Proyek2\\Proyek2-k7\\vendor\\laravel\\framework\\src\\Illuminate\\Foundation\\Http\\Kernel.php(200): Illuminate\\Routing\\Router->dispatch(Object(Illuminate\\Http\\Request))
#47 C:\\laragon\\www\\Proyek2\\Proyek2-k7\\vendor\\laravel\\framework\\src\\Illuminate\\Pipeline\\Pipeline.php(180): Illuminate\\Foundation\\Http\\Kernel->Illuminate\\Foundation\\Http\\{closure}(Object(Illuminate\\Http\\Request))
#48 C:\\laragon\\www\\Proyek2\\Proyek2-k7\\vendor\\laravel\\framework\\src\\Illuminate\\Foundation\\Http\\Middleware\\TransformsRequest.php(21): Illuminate\\Pipeline\\Pipeline->Illuminate\\Pipeline\\{closure}(Object(Illuminate\\Http\\Request))
#49 C:\\laragon\\www\\Proyek2\\Proyek2-k7\\vendor\\laravel\\framework\\src\\Illuminate\\Foundation\\Http\\Middleware\\ConvertEmptyStringsToNull.php(31): Illuminate\\Foundation\\Http\\Middleware\\TransformsRequest->handle(Object(Illuminate\\Http\\Request), Object(Closure))
#50 C:\\laragon\\www\\Proyek2\\Proyek2-k7\\vendor\\laravel\\framework\\src\\Illuminate\\Pipeline\\Pipeline.php(219): Illuminate\\Foundation\\Http\\Middleware\\ConvertEmptyStringsToNull->handle(Object(Illuminate\\Http\\Request), Object(Closure))
#51 C:\\laragon\\www\\Proyek2\\Proyek2-k7\\vendor\\laravel\\framework\\src\\Illuminate\\Foundation\\Http\\Middleware\\TransformsRequest.php(21): Illuminate\\Pipeline\\Pipeline->Illuminate\\Pipeline\\{closure}(Object(Illuminate\\Http\\Request))
#52 C:\\laragon\\www\\Proyek2\\Proyek2-k7\\vendor\\laravel\\framework\\src\\Illuminate\\Foundation\\Http\\Middleware\\TrimStrings.php(51): Illuminate\\Foundation\\Http\\Middleware\\TransformsRequest->handle(Object(Illuminate\\Http\\Request), Object(Closure))
#53 C:\\laragon\\www\\Proyek2\\Proyek2-k7\\vendor\\laravel\\framework\\src\\Illuminate\\Pipeline\\Pipeline.php(219): Illuminate\\Foundation\\Http\\Middleware\\TrimStrings->handle(Object(Illuminate\\Http\\Request), Object(Closure))
#54 C:\\laragon\\www\\Proyek2\\Proyek2-k7\\vendor\\laravel\\framework\\src\\Illuminate\\Http\\Middleware\\ValidatePostSize.php(27): Illuminate\\Pipeline\\Pipeline->Illuminate\\Pipeline\\{closure}(Object(Illuminate\\Http\\Request))
#55 C:\\laragon\\www\\Proyek2\\Proyek2-k7\\vendor\\laravel\\framework\\src\\Illuminate\\Pipeline\\Pipeline.php(219): Illuminate\\Http\\Middleware\\ValidatePostSize->handle(Object(Illuminate\\Http\\Request), Object(Closure))
#56 C:\\laragon\\www\\Proyek2\\Proyek2-k7\\vendor\\laravel\\framework\\src\\Illuminate\\Foundation\\Http\\Middleware\\PreventRequestsDuringMaintenance.php(109): Illuminate\\Pipeline\\Pipeline->Illuminate\\Pipeline\\{closure}(Object(Illuminate\\Http\\Request))
#57 C:\\laragon\\www\\Proyek2\\Proyek2-k7\\vendor\\laravel\\framework\\src\\Illuminate\\Pipeline\\Pipeline.php(219): Illuminate\\Foundation\\Http\\Middleware\\PreventRequestsDuringMaintenance->handle(Object(Illuminate\\Http\\Request), Object(Closure))
#58 C:\\laragon\\www\\Proyek2\\Proyek2-k7\\vendor\\laravel\\framework\\src\\Illuminate\\Http\\Middleware\\HandleCors.php(48): Illuminate\\Pipeline\\Pipeline->Illuminate\\Pipeline\\{closure}(Object(Illuminate\\Http\\Request))
#59 C:\\laragon\\www\\Proyek2\\Proyek2-k7\\vendor\\laravel\\framework\\src\\Illuminate\\Pipeline\\Pipeline.php(219): Illuminate\\Http\\Middleware\\HandleCors->handle(Object(Illuminate\\Http\\Request), Object(Closure))
#60 C:\\laragon\\www\\Proyek2\\Proyek2-k7\\vendor\\laravel\\framework\\src\\Illuminate\\Http\\Middleware\\TrustProxies.php(58): Illuminate\\Pipeline\\Pipeline->Illuminate\\Pipeline\\{closure}(Object(Illuminate\\Http\\Request))
#61 C:\\laragon\\www\\Proyek2\\Proyek2-k7\\vendor\\laravel\\framework\\src\\Illuminate\\Pipeline\\Pipeline.php(219): Illuminate\\Http\\Middleware\\TrustProxies->handle(Object(Illuminate\\Http\\Request), Object(Closure))
#62 C:\\laragon\\www\\Proyek2\\Proyek2-k7\\vendor\\laravel\\framework\\src\\Illuminate\\Foundation\\Http\\Middleware\\InvokeDeferredCallbacks.php(22): Illuminate\\Pipeline\\Pipeline->Illuminate\\Pipeline\\{closure}(Object(Illuminate\\Http\\Request))
#63 C:\\laragon\\www\\Proyek2\\Proyek2-k7\\vendor\\laravel\\framework\\src\\Illuminate\\Pipeline\\Pipeline.php(219): Illuminate\\Foundation\\Http\\Middleware\\InvokeDeferredCallbacks->handle(Object(Illuminate\\Http\\Request), Object(Closure))
#64 C:\\laragon\\www\\Proyek2\\Proyek2-k7\\vendor\\laravel\\framework\\src\\Illuminate\\Http\\Middleware\\ValidatePathEncoding.php(26): Illuminate\\Pipeline\\Pipeline->Illuminate\\Pipeline\\{closure}(Object(Illuminate\\Http\\Request))
#65 C:\\laragon\\www\\Proyek2\\Proyek2-k7\\vendor\\laravel\\framework\\src\\Illuminate\\Pipeline\\Pipeline.php(219): Illuminate\\Http\\Middleware\\ValidatePathEncoding->handle(Object(Illuminate\\Http\\Request), Object(Closure))
#66 C:\\laragon\\www\\Proyek2\\Proyek2-k7\\vendor\\laravel\\framework\\src\\Illuminate\\Pipeline\\Pipeline.php(137): Illuminate\\Pipeline\\Pipeline->Illuminate\\Pipeline\\{closure}(Object(Illuminate\\Http\\Request))
#67 C:\\laragon\\www\\Proyek2\\Proyek2-k7\\vendor\\laravel\\framework\\src\\Illuminate\\Foundation\\Http\\Kernel.php(175): Illuminate\\Pipeline\\Pipeline->then(Object(Closure))
#68 C:\\laragon\\www\\Proyek2\\Proyek2-k7\\vendor\\laravel\\framework\\src\\Illuminate\\Foundation\\Http\\Kernel.php(144): Illuminate\\Foundation\\Http\\Kernel->sendRequestThroughRouter(Object(Illuminate\\Http\\Request))
#69 C:\\laragon\\www\\Proyek2\\Proyek2-k7\\vendor\\laravel\\framework\\src\\Illuminate\\Foundation\\Application.php(1220): Illuminate\\Foundation\\Http\\Kernel->handle(Object(Illuminate\\Http\\Request))
#70 C:\\laragon\\www\\Proyek2\\Proyek2-k7\\public\\index.php(20): Illuminate\\Foundation\\Application->handleRequest(Object(Illuminate\\Http\\Request))
#71 C:\\laragon\\www\\Proyek2\\Proyek2-k7\\vendor\\laravel\\framework\\src\\Illuminate\\Foundation\\resources\\server.php(23): require_once('C:\\\\laragon\\\\www\\\\...')
#72 {main}
"} 
[2025-12-03 17:03:26] local.INFO: User berhasil login {"email":"sistem@gamecenter.com","role":"user"} 
[2025-12-04 08:34:32] local.INFO: User berhasil login {"email":"admin@gamecenter.com","role":"admin"} 
[2025-12-04 08:34:45] local.ERROR: SQLSTATE[42S22]: Column not found: 1054 Unknown column 'subtitle' in 'field list' (Connection: mysql, SQL: insert into `about_page` (`title`, `subtitle`, `updated_at`, `created_at`) values (Judul Halaman About Default, Sub Judul Halaman About Default, 2025-12-04 08:34:45, 2025-12-04 08:34:45)) {"userId":1,"exception":"[object] (Illuminate\\Database\\QueryException(code: 42S22): SQLSTATE[42S22]: Column not found: 1054 Unknown column 'subtitle' in 'field list' (Connection: mysql, SQL: insert into `about_page` (`title`, `subtitle`, `updated_at`, `created_at`) values (Judul Halaman About Default, Sub Judul Halaman About Default, 2025-12-04 08:34:45, 2025-12-04 08:34:45)) at C:\\laragon\\www\\Proyek2\\Proyek2-k7\\vendor\\laravel\\framework\\src\\Illuminate\\Database\\Connection.php:824)
[stacktrace]
#0 C:\\laragon\\www\\Proyek2\\Proyek2-k7\\vendor\\laravel\\framework\\src\\Illuminate\\Database\\Connection.php(778): Illuminate\\Database\\Connection->runQueryCallback('insert into `ab...', Array, Object(Closure))
#1 C:\\laragon\\www\\Proyek2\\Proyek2-k7\\vendor\\laravel\\framework\\src\\Illuminate\\Database\\MySqlConnection.php(42): Illuminate\\Database\\Connection->run('insert into `ab...', Array, Object(Closure))
#2 C:\\laragon\\www\\Proyek2\\Proyek2-k7\\vendor\\laravel\\framework\\src\\Illuminate\\Database\\Query\\Processors\\MySqlProcessor.php(35): Illuminate\\Database\\MySqlConnection->insert('insert into `ab...', Array, 'id')
#3 C:\\laragon\\www\\Proyek2\\Proyek2-k7\\vendor\\laravel\\framework\\src\\Illuminate\\Database\\Query\\Builder.php(3853): Illuminate\\Database\\Query\\Processors\\MySqlProcessor->processInsertGetId(Object(Illuminate\\Database\\Query\\Builder), 'insert into `ab...', Array, 'id')
#4 C:\\laragon\\www\\Proyek2\\Proyek2-k7\\vendor\\laravel\\framework\\src\\Illuminate\\Database\\Eloquent\\Builder.php(2235): Illuminate\\Database\\Query\\Builder->insertGetId(Array, 'id')
#5 C:\\laragon\\www\\Proyek2\\Proyek2-k7\\vendor\\laravel\\framework\\src\\Illuminate\\Database\\Eloquent\\Model.php(1436): Illuminate\\Database\\Eloquent\\Builder->__call('insertGetId', Array)
#6 C:\\laragon\\www\\Proyek2\\Proyek2-k7\\vendor\\laravel\\framework\\src\\Illuminate\\Database\\Eloquent\\Model.php(1401): Illuminate\\Database\\Eloquent\\Model->insertAndSetId(Object(Illuminate\\Database\\Eloquent\\Builder), Array)
#7 C:\\laragon\\www\\Proyek2\\Proyek2-k7\\vendor\\laravel\\framework\\src\\Illuminate\\Database\\Eloquent\\Model.php(1240): Illuminate\\Database\\Eloquent\\Model->performInsert(Object(Illuminate\\Database\\Eloquent\\Builder))
#8 C:\\laragon\\www\\Proyek2\\Proyek2-k7\\vendor\\laravel\\framework\\src\\Illuminate\\Database\\Eloquent\\Builder.php(1219): Illuminate\\Database\\Eloquent\\Model->save()
#9 C:\\laragon\\www\\Proyek2\\Proyek2-k7\\vendor\\laravel\\framework\\src\\Illuminate\\Support\\helpers.php(390): Illuminate\\Database\\Eloquent\\Builder->Illuminate\\Database\\Eloquent\\{closure}(Object(App\\Models\\AboutPage))
#10 C:\\laragon\\www\\Proyek2\\Proyek2-k7\\vendor\\laravel\\framework\\src\\Illuminate\\Database\\Eloquent\\Builder.php(1218): tap(Object(App\\Models\\AboutPage), Object(Closure))
#11 C:\\laragon\\www\\Proyek2\\Proyek2-k7\\vendor\\laravel\\framework\\src\\Illuminate\\Database\\Eloquent\\Builder.php(725): Illuminate\\Database\\Eloquent\\Builder->create(Array)
#12 C:\\laragon\\www\\Proyek2\\Proyek2-k7\\vendor\\laravel\\framework\\src\\Illuminate\\Database\\Eloquent\\Builder.php(1959): Illuminate\\Database\\Eloquent\\Builder->Illuminate\\Database\\Eloquent\\{closure}()
#13 C:\\laragon\\www\\Proyek2\\Proyek2-k7\\vendor\\laravel\\framework\\src\\Illuminate\\Database\\Eloquent\\Builder.php(725): Illuminate\\Database\\Eloquent\\Builder->withSavepointIfNeeded(Object(Closure))
#14 C:\\laragon\\www\\Proyek2\\Proyek2-k7\\vendor\\laravel\\framework\\src\\Illuminate\\Database\\Eloquent\\Builder.php(712): Illuminate\\Database\\Eloquent\\Builder->createOrFirst(Array, Array)
#15 C:\\laragon\\www\\Proyek2\\Proyek2-k7\\vendor\\laravel\\framework\\src\\Illuminate\\Support\\Traits\\ForwardsCalls.php(23): Illuminate\\Database\\Eloquent\\Builder->firstOrCreate(Array, Array)
#16 C:\\laragon\\www\\Proyek2\\Proyek2-k7\\vendor\\laravel\\framework\\src\\Illuminate\\Database\\Eloquent\\Model.php(2540): Illuminate\\Database\\Eloquent\\Model->forwardCallTo(Object(Illuminate\\Database\\Eloquent\\Builder), 'firstOrCreate', Array)
#17 C:\\laragon\\www\\Proyek2\\Proyek2-k7\\vendor\\laravel\\framework\\src\\Illuminate\\Database\\Eloquent\\Model.php(2556): Illuminate\\Database\\Eloquent\\Model->__call('firstOrCreate', Array)
#18 C:\\laragon\\www\\Proyek2\\Proyek2-k7\\app\\Http\\Controllers\\Web\\AboutController.php(22): Illuminate\\Database\\Eloquent\\Model::__callStatic('firstOrCreate', Array)
#19 C:\\laragon\\www\\Proyek2\\Proyek2-k7\\vendor\\laravel\\framework\\src\\Illuminate\\Routing\\ControllerDispatcher.php(46): App\\Http\\Controllers\\Web\\AboutController->edit()
#20 C:\\laragon\\www\\Proyek2\\Proyek2-k7\\vendor\\laravel\\framework\\src\\Illuminate\\Routing\\Route.php(265): Illuminate\\Routing\\ControllerDispatcher->dispatch(Object(Illuminate\\Routing\\Route), Object(App\\Http\\Controllers\\Web\\AboutController), 'edit')
#21 C:\\laragon\\www\\Proyek2\\Proyek2-k7\\vendor\\laravel\\framework\\src\\Illuminate\\Routing\\Route.php(211): Illuminate\\Routing\\Route->runController()
#22 C:\\laragon\\www\\Proyek2\\Proyek2-k7\\vendor\\laravel\\framework\\src\\Illuminate\\Routing\\Router.php(822): Illuminate\\Routing\\Route->run()
#23 C:\\laragon\\www\\Proyek2\\Proyek2-k7\\vendor\\laravel\\framework\\src\\Illuminate\\Pipeline\\Pipeline.php(180): Illuminate\\Routing\\Router->Illuminate\\Routing\\{closure}(Object(Illuminate\\Http\\Request))
#24 C:\\laragon\\www\\Proyek2\\Proyek2-k7\\app\\Http\\Middleware\\AdminMiddleware.php(17): Illuminate\\Pipeline\\Pipeline->Illuminate\\Pipeline\\{closure}(Object(Illuminate\\Http\\Request))
#25 C:\\laragon\\www\\Proyek2\\Proyek2-k7\\vendor\\laravel\\framework\\src\\Illuminate\\Pipeline\\Pipeline.php(219): App\\Http\\Middleware\\AdminMiddleware->handle(Object(Illuminate\\Http\\Request), Object(Closure))
#26 C:\\laragon\\www\\Proyek2\\Proyek2-k7\\vendor\\laravel\\framework\\src\\Illuminate\\Routing\\Middleware\\SubstituteBindings.php(50): Illuminate\\Pipeline\\Pipeline->Illuminate\\Pipeline\\{closure}(Object(Illuminate\\Http\\Request))
#27 C:\\laragon\\www\\Proyek2\\Proyek2-k7\\vendor\\laravel\\framework\\src\\Illuminate\\Pipeline\\Pipeline.php(219): Illuminate\\Routing\\Middleware\\SubstituteBindings->handle(Object(Illuminate\\Http\\Request), Object(Closure))
#28 C:\\laragon\\www\\Proyek2\\Proyek2-k7\\vendor\\laravel\\framework\\src\\Illuminate\\Foundation\\Http\\Middleware\\VerifyCsrfToken.php(87): Illuminate\\Pipeline\\Pipeline->Illuminate\\Pipeline\\{closure}(Object(Illuminate\\Http\\Request))
#29 C:\\laragon\\www\\Proyek2\\Proyek2-k7\\vendor\\laravel\\framework\\src\\Illuminate\\Pipeline\\Pipeline.php(219): Illuminate\\Foundation\\Http\\Middleware\\VerifyCsrfToken->handle(Object(Illuminate\\Http\\Request), Object(Closure))
#30 C:\\laragon\\www\\Proyek2\\Proyek2-k7\\vendor\\laravel\\framework\\src\\Illuminate\\View\\Middleware\\ShareErrorsFromSession.php(48): Illuminate\\Pipeline\\Pipeline->Illuminate\\Pipeline\\{closure}(Object(Illuminate\\Http\\Request))
#31 C:\\laragon\\www\\Proyek2\\Proyek2-k7\\vendor\\laravel\\framework\\src\\Illuminate\\Pipeline\\Pipeline.php(219): Illuminate\\View\\Middleware\\ShareErrorsFromSession->handle(Object(Illuminate\\Http\\Request), Object(Closure))
#32 C:\\laragon\\www\\Proyek2\\Proyek2-k7\\vendor\\laravel\\framework\\src\\Illuminate\\Session\\Middleware\\StartSession.php(120): Illuminate\\Pipeline\\Pipeline->Illuminate\\Pipeline\\{closure}(Object(Illuminate\\Http\\Request))
#33 C:\\laragon\\www\\Proyek2\\Proyek2-k7\\vendor\\laravel\\framework\\src\\Illuminate\\Session\\Middleware\\StartSession.php(63): Illuminate\\Session\\Middleware\\StartSession->handleStatefulRequest(Object(Illuminate\\Http\\Request), Object(Illuminate\\Session\\Store), Object(Closure))
#34 C:\\laragon\\www\\Proyek2\\Proyek2-k7\\vendor\\laravel\\framework\\src\\Illuminate\\Pipeline\\Pipeline.php(219): Illuminate\\Session\\Middleware\\StartSession->handle(Object(Illuminate\\Http\\Request), Object(Closure))
#35 C:\\laragon\\www\\Proyek2\\Proyek2-k7\\vendor\\laravel\\framework\\src\\Illuminate\\Cookie\\Middleware\\AddQueuedCookiesToResponse.php(36): Illuminate\\Pipeline\\Pipeline->Illuminate\\Pipeline\\{closure}(Object(Illuminate\\Http\\Request))
#36 C:\\laragon\\www\\Proyek2\\Proyek2-k7\\vendor\\laravel\\framework\\src\\Illuminate\\Pipeline\\Pipeline.php(219): Illuminate\\Cookie\\Middleware\\AddQueuedCookiesToResponse->handle(Object(Illuminate\\Http\\Request), Object(Closure))
#37 C:\\laragon\\www\\Proyek2\\Proyek2-k7\\vendor\\laravel\\framework\\src\\Illuminate\\Cookie\\Middleware\\EncryptCookies.php(74): Illuminate\\Pipeline\\Pipeline->Illuminate\\Pipeline\\{closure}(Object(Illuminate\\Http\\Request))
#38 C:\\laragon\\www\\Proyek2\\Proyek2-k7\\vendor\\laravel\\framework\\src\\Illuminate\\Pipeline\\Pipeline.php(219): Illuminate\\Cookie\\Middleware\\EncryptCookies->handle(Object(Illuminate\\Http\\Request), Object(Closure))
#39 C:\\laragon\\www\\Proyek2\\Proyek2-k7\\vendor\\laravel\\framework\\src\\Illuminate\\Pipeline\\Pipeline.php(137): Illuminate\\Pipeline\\Pipeline->Illuminate\\Pipeline\\{closure}(Object(Illuminate\\Http\\Request))
#40 C:\\laragon\\www\\Proyek2\\Proyek2-k7\\vendor\\laravel\\framework\\src\\Illuminate\\Routing\\Router.php(821): Illuminate\\Pipeline\\Pipeline->then(Object(Closure))
#41 C:\\laragon\\www\\Proyek2\\Proyek2-k7\\vendor\\laravel\\framework\\src\\Illuminate\\Routing\\Router.php(800): Illuminate\\Routing\\Router->runRouteWithinStack(Object(Illuminate\\Routing\\Route), Object(Illuminate\\Http\\Request))
#42 C:\\laragon\\www\\Proyek2\\Proyek2-k7\\vendor\\laravel\\framework\\src\\Illuminate\\Routing\\Router.php(764): Illuminate\\Routing\\Router->runRoute(Object(Illuminate\\Http\\Request), Object(Illuminate\\Routing\\Route))
#43 C:\\laragon\\www\\Proyek2\\Proyek2-k7\\vendor\\laravel\\framework\\src\\Illuminate\\Routing\\Router.php(753): Illuminate\\Routing\\Router->dispatchToRoute(Object(Illuminate\\Http\\Request))
#44 C:\\laragon\\www\\Proyek2\\Proyek2-k7\\vendor\\laravel\\framework\\src\\Illuminate\\Foundation\\Http\\Kernel.php(200): Illuminate\\Routing\\Router->dispatch(Object(Illuminate\\Http\\Request))
#45 C:\\laragon\\www\\Proyek2\\Proyek2-k7\\vendor\\laravel\\framework\\src\\Illuminate\\Pipeline\\Pipeline.php(180): Illuminate\\Foundation\\Http\\Kernel->Illuminate\\Foundation\\Http\\{closure}(Object(Illuminate\\Http\\Request))
#46 C:\\laragon\\www\\Proyek2\\Proyek2-k7\\vendor\\laravel\\framework\\src\\Illuminate\\Foundation\\Http\\Middleware\\TransformsRequest.php(21): Illuminate\\Pipeline\\Pipeline->Illuminate\\Pipeline\\{closure}(Object(Illuminate\\Http\\Request))
#47 C:\\laragon\\www\\Proyek2\\Proyek2-k7\\vendor\\laravel\\framework\\src\\Illuminate\\Foundation\\Http\\Middleware\\ConvertEmptyStringsToNull.php(31): Illuminate\\Foundation\\Http\\Middleware\\TransformsRequest->handle(Object(Illuminate\\Http\\Request), Object(Closure))
#48 C:\\laragon\\www\\Proyek2\\Proyek2-k7\\vendor\\laravel\\framework\\src\\Illuminate\\Pipeline\\Pipeline.php(219): Illuminate\\Foundation\\Http\\Middleware\\ConvertEmptyStringsToNull->handle(Object(Illuminate\\Http\\Request), Object(Closure))
#49 C:\\laragon\\www\\Proyek2\\Proyek2-k7\\vendor\\laravel\\framework\\src\\Illuminate\\Foundation\\Http\\Middleware\\TransformsRequest.php(21): Illuminate\\Pipeline\\Pipeline->Illuminate\\Pipeline\\{closure}(Object(Illuminate\\Http\\Request))
#50 C:\\laragon\\www\\Proyek2\\Proyek2-k7\\vendor\\laravel\\framework\\src\\Illuminate\\Foundation\\Http\\Middleware\\TrimStrings.php(51): Illuminate\\Foundation\\Http\\Middleware\\TransformsRequest->handle(Object(Illuminate\\Http\\Request), Object(Closure))
#51 C:\\laragon\\www\\Proyek2\\Proyek2-k7\\vendor\\laravel\\framework\\src\\Illuminate\\Pipeline\\Pipeline.php(219): Illuminate\\Foundation\\Http\\Middleware\\TrimStrings->handle(Object(Illuminate\\Http\\Request), Object(Closure))
#52 C:\\laragon\\www\\Proyek2\\Proyek2-k7\\vendor\\laravel\\framework\\src\\Illuminate\\Http\\Middleware\\ValidatePostSize.php(27): Illuminate\\Pipeline\\Pipeline->Illuminate\\Pipeline\\{closure}(Object(Illuminate\\Http\\Request))
#53 C:\\laragon\\www\\Proyek2\\Proyek2-k7\\vendor\\laravel\\framework\\src\\Illuminate\\Pipeline\\Pipeline.php(219): Illuminate\\Http\\Middleware\\ValidatePostSize->handle(Object(Illuminate\\Http\\Request), Object(Closure))
#54 C:\\laragon\\www\\Proyek2\\Proyek2-k7\\vendor\\laravel\\framework\\src\\Illuminate\\Foundation\\Http\\Middleware\\PreventRequestsDuringMaintenance.php(109): Illuminate\\Pipeline\\Pipeline->Illuminate\\Pipeline\\{closure}(Object(Illuminate\\Http\\Request))
#55 C:\\laragon\\www\\Proyek2\\Proyek2-k7\\vendor\\laravel\\framework\\src\\Illuminate\\Pipeline\\Pipeline.php(219): Illuminate\\Foundation\\Http\\Middleware\\PreventRequestsDuringMaintenance->handle(Object(Illuminate\\Http\\Request), Object(Closure))
#56 C:\\laragon\\www\\Proyek2\\Proyek2-k7\\vendor\\laravel\\framework\\src\\Illuminate\\Http\\Middleware\\HandleCors.php(48): Illuminate\\Pipeline\\Pipeline->Illuminate\\Pipeline\\{closure}(Object(Illuminate\\Http\\Request))
#57 C:\\laragon\\www\\Proyek2\\Proyek2-k7\\vendor\\laravel\\framework\\src\\Illuminate\\Pipeline\\Pipeline.php(219): Illuminate\\Http\\Middleware\\HandleCors->handle(Object(Illuminate\\Http\\Request), Object(Closure))
#58 C:\\laragon\\www\\Proyek2\\Proyek2-k7\\vendor\\laravel\\framework\\src\\Illuminate\\Http\\Middleware\\TrustProxies.php(58): Illuminate\\Pipeline\\Pipeline->Illuminate\\Pipeline\\{closure}(Object(Illuminate\\Http\\Request))
#59 C:\\laragon\\www\\Proyek2\\Proyek2-k7\\vendor\\laravel\\framework\\src\\Illuminate\\Pipeline\\Pipeline.php(219): Illuminate\\Http\\Middleware\\TrustProxies->handle(Object(Illuminate\\Http\\Request), Object(Closure))
#60 C:\\laragon\\www\\Proyek2\\Proyek2-k7\\vendor\\laravel\\framework\\src\\Illuminate\\Foundation\\Http\\Middleware\\InvokeDeferredCallbacks.php(22): Illuminate\\Pipeline\\Pipeline->Illuminate\\Pipeline\\{closure}(Object(Illuminate\\Http\\Request))
#61 C:\\laragon\\www\\Proyek2\\Proyek2-k7\\vendor\\laravel\\framework\\src\\Illuminate\\Pipeline\\Pipeline.php(219): Illuminate\\Foundation\\Http\\Middleware\\InvokeDeferredCallbacks->handle(Object(Illuminate\\Http\\Request), Object(Closure))
#62 C:\\laragon\\www\\Proyek2\\Proyek2-k7\\vendor\\laravel\\framework\\src\\Illuminate\\Http\\Middleware\\ValidatePathEncoding.php(26): Illuminate\\Pipeline\\Pipeline->Illuminate\\Pipeline\\{closure}(Object(Illuminate\\Http\\Request))
#63 C:\\laragon\\www\\Proyek2\\Proyek2-k7\\vendor\\laravel\\framework\\src\\Illuminate\\Pipeline\\Pipeline.php(219): Illuminate\\Http\\Middleware\\ValidatePathEncoding->handle(Object(Illuminate\\Http\\Request), Object(Closure))
#64 C:\\laragon\\www\\Proyek2\\Proyek2-k7\\vendor\\laravel\\framework\\src\\Illuminate\\Pipeline\\Pipeline.php(137): Illuminate\\Pipeline\\Pipeline->Illuminate\\Pipeline\\{closure}(Object(Illuminate\\Http\\Request))
#65 C:\\laragon\\www\\Proyek2\\Proyek2-k7\\vendor\\laravel\\framework\\src\\Illuminate\\Foundation\\Http\\Kernel.php(175): Illuminate\\Pipeline\\Pipeline->then(Object(Closure))
#66 C:\\laragon\\www\\Proyek2\\Proyek2-k7\\vendor\\laravel\\framework\\src\\Illuminate\\Foundation\\Http\\Kernel.php(144): Illuminate\\Foundation\\Http\\Kernel->sendRequestThroughRouter(Object(Illuminate\\Http\\Request))
#67 C:\\laragon\\www\\Proyek2\\Proyek2-k7\\vendor\\laravel\\framework\\src\\Illuminate\\Foundation\\Application.php(1220): Illuminate\\Foundation\\Http\\Kernel->handle(Object(Illuminate\\Http\\Request))
#68 C:\\laragon\\www\\Proyek2\\Proyek2-k7\\public\\index.php(20): Illuminate\\Foundation\\Application->handleRequest(Object(Illuminate\\Http\\Request))
#69 C:\\laragon\\www\\Proyek2\\Proyek2-k7\\vendor\\laravel\\framework\\src\\Illuminate\\Foundation\\resources\\server.php(23): require_once('C:\\\\laragon\\\\www\\\\...')
#70 {main}

[previous exception] [object] (PDOException(code: 42S22): SQLSTATE[42S22]: Column not found: 1054 Unknown column 'subtitle' in 'field list' at C:\\laragon\\www\\Proyek2\\Proyek2-k7\\vendor\\laravel\\framework\\src\\Illuminate\\Database\\MySqlConnection.php:47)
[stacktrace]
#0 C:\\laragon\\www\\Proyek2\\Proyek2-k7\\vendor\\laravel\\framework\\src\\Illuminate\\Database\\MySqlConnection.php(47): PDO->prepare('insert into `ab...')
#1 C:\\laragon\\www\\Proyek2\\Proyek2-k7\\vendor\\laravel\\framework\\src\\Illuminate\\Database\\Connection.php(811): Illuminate\\Database\\MySqlConnection->Illuminate\\Database\\{closure}('insert into `ab...', Array)
#2 C:\\laragon\\www\\Proyek2\\Proyek2-k7\\vendor\\laravel\\framework\\src\\Illuminate\\Database\\Connection.php(778): Illuminate\\Database\\Connection->runQueryCallback('insert into `ab...', Array, Object(Closure))
#3 C:\\laragon\\www\\Proyek2\\Proyek2-k7\\vendor\\laravel\\framework\\src\\Illuminate\\Database\\MySqlConnection.php(42): Illuminate\\Database\\Connection->run('insert into `ab...', Array, Object(Closure))
#4 C:\\laragon\\www\\Proyek2\\Proyek2-k7\\vendor\\laravel\\framework\\src\\Illuminate\\Database\\Query\\Processors\\MySqlProcessor.php(35): Illuminate\\Database\\MySqlConnection->insert('insert into `ab...', Array, 'id')
#5 C:\\laragon\\www\\Proyek2\\Proyek2-k7\\vendor\\laravel\\framework\\src\\Illuminate\\Database\\Query\\Builder.php(3853): Illuminate\\Database\\Query\\Processors\\MySqlProcessor->processInsertGetId(Object(Illuminate\\Database\\Query\\Builder), 'insert into `ab...', Array, 'id')
#6 C:\\laragon\\www\\Proyek2\\Proyek2-k7\\vendor\\laravel\\framework\\src\\Illuminate\\Database\\Eloquent\\Builder.php(2235): Illuminate\\Database\\Query\\Builder->insertGetId(Array, 'id')
#7 C:\\laragon\\www\\Proyek2\\Proyek2-k7\\vendor\\laravel\\framework\\src\\Illuminate\\Database\\Eloquent\\Model.php(1436): Illuminate\\Database\\Eloquent\\Builder->__call('insertGetId', Array)
#8 C:\\laragon\\www\\Proyek2\\Proyek2-k7\\vendor\\laravel\\framework\\src\\Illuminate\\Database\\Eloquent\\Model.php(1401): Illuminate\\Database\\Eloquent\\Model->insertAndSetId(Object(Illuminate\\Database\\Eloquent\\Builder), Array)
#9 C:\\laragon\\www\\Proyek2\\Proyek2-k7\\vendor\\laravel\\framework\\src\\Illuminate\\Database\\Eloquent\\Model.php(1240): Illuminate\\Database\\Eloquent\\Model->performInsert(Object(Illuminate\\Database\\Eloquent\\Builder))
#10 C:\\laragon\\www\\Proyek2\\Proyek2-k7\\vendor\\laravel\\framework\\src\\Illuminate\\Database\\Eloquent\\Builder.php(1219): Illuminate\\Database\\Eloquent\\Model->save()
#11 C:\\laragon\\www\\Proyek2\\Proyek2-k7\\vendor\\laravel\\framework\\src\\Illuminate\\Support\\helpers.php(390): Illuminate\\Database\\Eloquent\\Builder->Illuminate\\Database\\Eloquent\\{closure}(Object(App\\Models\\AboutPage))
#12 C:\\laragon\\www\\Proyek2\\Proyek2-k7\\vendor\\laravel\\framework\\src\\Illuminate\\Database\\Eloquent\\Builder.php(1218): tap(Object(App\\Models\\AboutPage), Object(Closure))
#13 C:\\laragon\\www\\Proyek2\\Proyek2-k7\\vendor\\laravel\\framework\\src\\Illuminate\\Database\\Eloquent\\Builder.php(725): Illuminate\\Database\\Eloquent\\Builder->create(Array)
#14 C:\\laragon\\www\\Proyek2\\Proyek2-k7\\vendor\\laravel\\framework\\src\\Illuminate\\Database\\Eloquent\\Builder.php(1959): Illuminate\\Database\\Eloquent\\Builder->Illuminate\\Database\\Eloquent\\{closure}()
#15 C:\\laragon\\www\\Proyek2\\Proyek2-k7\\vendor\\laravel\\framework\\src\\Illuminate\\Database\\Eloquent\\Builder.php(725): Illuminate\\Database\\Eloquent\\Builder->withSavepointIfNeeded(Object(Closure))
#16 C:\\laragon\\www\\Proyek2\\Proyek2-k7\\vendor\\laravel\\framework\\src\\Illuminate\\Database\\Eloquent\\Builder.php(712): Illuminate\\Database\\Eloquent\\Builder->createOrFirst(Array, Array)
#17 C:\\laragon\\www\\Proyek2\\Proyek2-k7\\vendor\\laravel\\framework\\src\\Illuminate\\Support\\Traits\\ForwardsCalls.php(23): Illuminate\\Database\\Eloquent\\Builder->firstOrCreate(Array, Array)
#18 C:\\laragon\\www\\Proyek2\\Proyek2-k7\\vendor\\laravel\\framework\\src\\Illuminate\\Database\\Eloquent\\Model.php(2540): Illuminate\\Database\\Eloquent\\Model->forwardCallTo(Object(Illuminate\\Database\\Eloquent\\Builder), 'firstOrCreate', Array)
#19 C:\\laragon\\www\\Proyek2\\Proyek2-k7\\vendor\\laravel\\framework\\src\\Illuminate\\Database\\Eloquent\\Model.php(2556): Illuminate\\Database\\Eloquent\\Model->__call('firstOrCreate', Array)
#20 C:\\laragon\\www\\Proyek2\\Proyek2-k7\\app\\Http\\Controllers\\Web\\AboutController.php(22): Illuminate\\Database\\Eloquent\\Model::__callStatic('firstOrCreate', Array)
#21 C:\\laragon\\www\\Proyek2\\Proyek2-k7\\vendor\\laravel\\framework\\src\\Illuminate\\Routing\\ControllerDispatcher.php(46): App\\Http\\Controllers\\Web\\AboutController->edit()
#22 C:\\laragon\\www\\Proyek2\\Proyek2-k7\\vendor\\laravel\\framework\\src\\Illuminate\\Routing\\Route.php(265): Illuminate\\Routing\\ControllerDispatcher->dispatch(Object(Illuminate\\Routing\\Route), Object(App\\Http\\Controllers\\Web\\AboutController), 'edit')
#23 C:\\laragon\\www\\Proyek2\\Proyek2-k7\\vendor\\laravel\\framework\\src\\Illuminate\\Routing\\Route.php(211): Illuminate\\Routing\\Route->runController()
#24 C:\\laragon\\www\\Proyek2\\Proyek2-k7\\vendor\\laravel\\framework\\src\\Illuminate\\Routing\\Router.php(822): Illuminate\\Routing\\Route->run()
#25 C:\\laragon\\www\\Proyek2\\Proyek2-k7\\vendor\\laravel\\framework\\src\\Illuminate\\Pipeline\\Pipeline.php(180): Illuminate\\Routing\\Router->Illuminate\\Routing\\{closure}(Object(Illuminate\\Http\\Request))
#26 C:\\laragon\\www\\Proyek2\\Proyek2-k7\\app\\Http\\Middleware\\AdminMiddleware.php(17): Illuminate\\Pipeline\\Pipeline->Illuminate\\Pipeline\\{closure}(Object(Illuminate\\Http\\Request))
#27 C:\\laragon\\www\\Proyek2\\Proyek2-k7\\vendor\\laravel\\framework\\src\\Illuminate\\Pipeline\\Pipeline.php(219): App\\Http\\Middleware\\AdminMiddleware->handle(Object(Illuminate\\Http\\Request), Object(Closure))
#28 C:\\laragon\\www\\Proyek2\\Proyek2-k7\\vendor\\laravel\\framework\\src\\Illuminate\\Routing\\Middleware\\SubstituteBindings.php(50): Illuminate\\Pipeline\\Pipeline->Illuminate\\Pipeline\\{closure}(Object(Illuminate\\Http\\Request))
#29 C:\\laragon\\www\\Proyek2\\Proyek2-k7\\vendor\\laravel\\framework\\src\\Illuminate\\Pipeline\\Pipeline.php(219): Illuminate\\Routing\\Middleware\\SubstituteBindings->handle(Object(Illuminate\\Http\\Request), Object(Closure))
#30 C:\\laragon\\www\\Proyek2\\Proyek2-k7\\vendor\\laravel\\framework\\src\\Illuminate\\Foundation\\Http\\Middleware\\VerifyCsrfToken.php(87): Illuminate\\Pipeline\\Pipeline->Illuminate\\Pipeline\\{closure}(Object(Illuminate\\Http\\Request))
#31 C:\\laragon\\www\\Proyek2\\Proyek2-k7\\vendor\\laravel\\framework\\src\\Illuminate\\Pipeline\\Pipeline.php(219): Illuminate\\Foundation\\Http\\Middleware\\VerifyCsrfToken->handle(Object(Illuminate\\Http\\Request), Object(Closure))
#32 C:\\laragon\\www\\Proyek2\\Proyek2-k7\\vendor\\laravel\\framework\\src\\Illuminate\\View\\Middleware\\ShareErrorsFromSession.php(48): Illuminate\\Pipeline\\Pipeline->Illuminate\\Pipeline\\{closure}(Object(Illuminate\\Http\\Request))
#33 C:\\laragon\\www\\Proyek2\\Proyek2-k7\\vendor\\laravel\\framework\\src\\Illuminate\\Pipeline\\Pipeline.php(219): Illuminate\\View\\Middleware\\ShareErrorsFromSession->handle(Object(Illuminate\\Http\\Request), Object(Closure))
#34 C:\\laragon\\www\\Proyek2\\Proyek2-k7\\vendor\\laravel\\framework\\src\\Illuminate\\Session\\Middleware\\StartSession.php(120): Illuminate\\Pipeline\\Pipeline->Illuminate\\Pipeline\\{closure}(Object(Illuminate\\Http\\Request))
#35 C:\\laragon\\www\\Proyek2\\Proyek2-k7\\vendor\\laravel\\framework\\src\\Illuminate\\Session\\Middleware\\StartSession.php(63): Illuminate\\Session\\Middleware\\StartSession->handleStatefulRequest(Object(Illuminate\\Http\\Request), Object(Illuminate\\Session\\Store), Object(Closure))
#36 C:\\laragon\\www\\Proyek2\\Proyek2-k7\\vendor\\laravel\\framework\\src\\Illuminate\\Pipeline\\Pipeline.php(219): Illuminate\\Session\\Middleware\\StartSession->handle(Object(Illuminate\\Http\\Request), Object(Closure))
#37 C:\\laragon\\www\\Proyek2\\Proyek2-k7\\vendor\\laravel\\framework\\src\\Illuminate\\Cookie\\Middleware\\AddQueuedCookiesToResponse.php(36): Illuminate\\Pipeline\\Pipeline->Illuminate\\Pipeline\\{closure}(Object(Illuminate\\Http\\Request))
#38 C:\\laragon\\www\\Proyek2\\Proyek2-k7\\vendor\\laravel\\framework\\src\\Illuminate\\Pipeline\\Pipeline.php(219): Illuminate\\Cookie\\Middleware\\AddQueuedCookiesToResponse->handle(Object(Illuminate\\Http\\Request), Object(Closure))
#39 C:\\laragon\\www\\Proyek2\\Proyek2-k7\\vendor\\laravel\\framework\\src\\Illuminate\\Cookie\\Middleware\\EncryptCookies.php(74): Illuminate\\Pipeline\\Pipeline->Illuminate\\Pipeline\\{closure}(Object(Illuminate\\Http\\Request))
#40 C:\\laragon\\www\\Proyek2\\Proyek2-k7\\vendor\\laravel\\framework\\src\\Illuminate\\Pipeline\\Pipeline.php(219): Illuminate\\Cookie\\Middleware\\EncryptCookies->handle(Object(Illuminate\\Http\\Request), Object(Closure))
#41 C:\\laragon\\www\\Proyek2\\Proyek2-k7\\vendor\\laravel\\framework\\src\\Illuminate\\Pipeline\\Pipeline.php(137): Illuminate\\Pipeline\\Pipeline->Illuminate\\Pipeline\\{closure}(Object(Illuminate\\Http\\Request))
#42 C:\\laragon\\www\\Proyek2\\Proyek2-k7\\vendor\\laravel\\framework\\src\\Illuminate\\Routing\\Router.php(821): Illuminate\\Pipeline\\Pipeline->then(Object(Closure))
#43 C:\\laragon\\www\\Proyek2\\Proyek2-k7\\vendor\\laravel\\framework\\src\\Illuminate\\Routing\\Router.php(800): Illuminate\\Routing\\Router->runRouteWithinStack(Object(Illuminate\\Routing\\Route), Object(Illuminate\\Http\\Request))
#44 C:\\laragon\\www\\Proyek2\\Proyek2-k7\\vendor\\laravel\\framework\\src\\Illuminate\\Routing\\Router.php(764): Illuminate\\Routing\\Router->runRoute(Object(Illuminate\\Http\\Request), Object(Illuminate\\Routing\\Route))
#45 C:\\laragon\\www\\Proyek2\\Proyek2-k7\\vendor\\laravel\\framework\\src\\Illuminate\\Routing\\Router.php(753): Illuminate\\Routing\\Router->dispatchToRoute(Object(Illuminate\\Http\\Request))
#46 C:\\laragon\\www\\Proyek2\\Proyek2-k7\\vendor\\laravel\\framework\\src\\Illuminate\\Foundation\\Http\\Kernel.php(200): Illuminate\\Routing\\Router->dispatch(Object(Illuminate\\Http\\Request))
#47 C:\\laragon\\www\\Proyek2\\Proyek2-k7\\vendor\\laravel\\framework\\src\\Illuminate\\Pipeline\\Pipeline.php(180): Illuminate\\Foundation\\Http\\Kernel->Illuminate\\Foundation\\Http\\{closure}(Object(Illuminate\\Http\\Request))
#48 C:\\laragon\\www\\Proyek2\\Proyek2-k7\\vendor\\laravel\\framework\\src\\Illuminate\\Foundation\\Http\\Middleware\\TransformsRequest.php(21): Illuminate\\Pipeline\\Pipeline->Illuminate\\Pipeline\\{closure}(Object(Illuminate\\Http\\Request))
#49 C:\\laragon\\www\\Proyek2\\Proyek2-k7\\vendor\\laravel\\framework\\src\\Illuminate\\Foundation\\Http\\Middleware\\ConvertEmptyStringsToNull.php(31): Illuminate\\Foundation\\Http\\Middleware\\TransformsRequest->handle(Object(Illuminate\\Http\\Request), Object(Closure))
#50 C:\\laragon\\www\\Proyek2\\Proyek2-k7\\vendor\\laravel\\framework\\src\\Illuminate\\Pipeline\\Pipeline.php(219): Illuminate\\Foundation\\Http\\Middleware\\ConvertEmptyStringsToNull->handle(Object(Illuminate\\Http\\Request), Object(Closure))
#51 C:\\laragon\\www\\Proyek2\\Proyek2-k7\\vendor\\laravel\\framework\\src\\Illuminate\\Foundation\\Http\\Middleware\\TransformsRequest.php(21): Illuminate\\Pipeline\\Pipeline->Illuminate\\Pipeline\\{closure}(Object(Illuminate\\Http\\Request))
#52 C:\\laragon\\www\\Proyek2\\Proyek2-k7\\vendor\\laravel\\framework\\src\\Illuminate\\Foundation\\Http\\Middleware\\TrimStrings.php(51): Illuminate\\Foundation\\Http\\Middleware\\TransformsRequest->handle(Object(Illuminate\\Http\\Request), Object(Closure))
#53 C:\\laragon\\www\\Proyek2\\Proyek2-k7\\vendor\\laravel\\framework\\src\\Illuminate\\Pipeline\\Pipeline.php(219): Illuminate\\Foundation\\Http\\Middleware\\TrimStrings->handle(Object(Illuminate\\Http\\Request), Object(Closure))
#54 C:\\laragon\\www\\Proyek2\\Proyek2-k7\\vendor\\laravel\\framework\\src\\Illuminate\\Http\\Middleware\\ValidatePostSize.php(27): Illuminate\\Pipeline\\Pipeline->Illuminate\\Pipeline\\{closure}(Object(Illuminate\\Http\\Request))
#55 C:\\laragon\\www\\Proyek2\\Proyek2-k7\\vendor\\laravel\\framework\\src\\Illuminate\\Pipeline\\Pipeline.php(219): Illuminate\\Http\\Middleware\\ValidatePostSize->handle(Object(Illuminate\\Http\\Request), Object(Closure))
#56 C:\\laragon\\www\\Proyek2\\Proyek2-k7\\vendor\\laravel\\framework\\src\\Illuminate\\Foundation\\Http\\Middleware\\PreventRequestsDuringMaintenance.php(109): Illuminate\\Pipeline\\Pipeline->Illuminate\\Pipeline\\{closure}(Object(Illuminate\\Http\\Request))
#57 C:\\laragon\\www\\Proyek2\\Proyek2-k7\\vendor\\laravel\\framework\\src\\Illuminate\\Pipeline\\Pipeline.php(219): Illuminate\\Foundation\\Http\\Middleware\\PreventRequestsDuringMaintenance->handle(Object(Illuminate\\Http\\Request), Object(Closure))
#58 C:\\laragon\\www\\Proyek2\\Proyek2-k7\\vendor\\laravel\\framework\\src\\Illuminate\\Http\\Middleware\\HandleCors.php(48): Illuminate\\Pipeline\\Pipeline->Illuminate\\Pipeline\\{closure}(Object(Illuminate\\Http\\Request))
#59 C:\\laragon\\www\\Proyek2\\Proyek2-k7\\vendor\\laravel\\framework\\src\\Illuminate\\Pipeline\\Pipeline.php(219): Illuminate\\Http\\Middleware\\HandleCors->handle(Object(Illuminate\\Http\\Request), Object(Closure))
#60 C:\\laragon\\www\\Proyek2\\Proyek2-k7\\vendor\\laravel\\framework\\src\\Illuminate\\Http\\Middleware\\TrustProxies.php(58): Illuminate\\Pipeline\\Pipeline->Illuminate\\Pipeline\\{closure}(Object(Illuminate\\Http\\Request))
#61 C:\\laragon\\www\\Proyek2\\Proyek2-k7\\vendor\\laravel\\framework\\src\\Illuminate\\Pipeline\\Pipeline.php(219): Illuminate\\Http\\Middleware\\TrustProxies->handle(Object(Illuminate\\Http\\Request), Object(Closure))
#62 C:\\laragon\\www\\Proyek2\\Proyek2-k7\\vendor\\laravel\\framework\\src\\Illuminate\\Foundation\\Http\\Middleware\\InvokeDeferredCallbacks.php(22): Illuminate\\Pipeline\\Pipeline->Illuminate\\Pipeline\\{closure}(Object(Illuminate\\Http\\Request))
#63 C:\\laragon\\www\\Proyek2\\Proyek2-k7\\vendor\\laravel\\framework\\src\\Illuminate\\Pipeline\\Pipeline.php(219): Illuminate\\Foundation\\Http\\Middleware\\InvokeDeferredCallbacks->handle(Object(Illuminate\\Http\\Request), Object(Closure))
#64 C:\\laragon\\www\\Proyek2\\Proyek2-k7\\vendor\\laravel\\framework\\src\\Illuminate\\Http\\Middleware\\ValidatePathEncoding.php(26): Illuminate\\Pipeline\\Pipeline->Illuminate\\Pipeline\\{closure}(Object(Illuminate\\Http\\Request))
#65 C:\\laragon\\www\\Proyek2\\Proyek2-k7\\vendor\\laravel\\framework\\src\\Illuminate\\Pipeline\\Pipeline.php(219): Illuminate\\Http\\Middleware\\ValidatePathEncoding->handle(Object(Illuminate\\Http\\Request), Object(Closure))
#66 C:\\laragon\\www\\Proyek2\\Proyek2-k7\\vendor\\laravel\\framework\\src\\Illuminate\\Pipeline\\Pipeline.php(137): Illuminate\\Pipeline\\Pipeline->Illuminate\\Pipeline\\{closure}(Object(Illuminate\\Http\\Request))
#67 C:\\laragon\\www\\Proyek2\\Proyek2-k7\\vendor\\laravel\\framework\\src\\Illuminate\\Foundation\\Http\\Kernel.php(175): Illuminate\\Pipeline\\Pipeline->then(Object(Closure))
#68 C:\\laragon\\www\\Proyek2\\Proyek2-k7\\vendor\\laravel\\framework\\src\\Illuminate\\Foundation\\Http\\Kernel.php(144): Illuminate\\Foundation\\Http\\Kernel->sendRequestThroughRouter(Object(Illuminate\\Http\\Request))
#69 C:\\laragon\\www\\Proyek2\\Proyek2-k7\\vendor\\laravel\\framework\\src\\Illuminate\\Foundation\\Application.php(1220): Illuminate\\Foundation\\Http\\Kernel->handle(Object(Illuminate\\Http\\Request))
#70 C:\\laragon\\www\\Proyek2\\Proyek2-k7\\public\\index.php(20): Illuminate\\Foundation\\Application->handleRequest(Object(Illuminate\\Http\\Request))
#71 C:\\laragon\\www\\Proyek2\\Proyek2-k7\\vendor\\laravel\\framework\\src\\Illuminate\\Foundation\\resources\\server.php(23): require_once('C:\\\\laragon\\\\www\\\\...')
#72 {main}
"} 
[2025-12-04 08:38:28] local.INFO: User berhasil login {"email":"sistem@gamecenter.com","role":"user"} 
[2025-12-04 08:38:52] local.INFO: User berhasil login {"email":"sistem@gamecenter.com","role":"user"} 
[2025-12-04 08:42:02] local.INFO: User berhasil login {"email":"sistem@gamecenter.com","role":"user"} 
[2025-12-04 08:42:23] local.INFO: User berhasil login {"email":"admin@gamecenter.com","role":"admin"} 
